umur,lama_berlangganan,tagihan_bulanan,jumlah_keluhan,jumlah_login,paket_premium,churn
56,24,1221151,2,244,0,0
69,65,210380,1,39,0,0
46,18,386243,9,156,0,1
32,44,562422,13,167,1,1
60,57,1257447,4,157,0,0
25,28,874079,10,129,1,1
38,71,1425749,0,81,0,0
56,23,115793,11,155,0,1
36,34,1458826,2,174,1,0
40,11,447806,0,287,0,0
28,35,315836,9,87,0,1
28,42,577347,14,101,0,1
41,28,493576,13,247,1,1
53,24,757992,7,205,0,1
57,8,180882,14,88,0,1
41,53,1000290,11,287,1,1
20,4,249080,3,95,0,1
39,5,701944,2,158,0,1
19,49,523499,7,113,0,1
41,30,763178,12,23,0,1
61,63,1179155,8,162,0,1
47,47,296092,7,285,0,1
55,26,737492,5,54,0,1
19,57,1426985,13,63,0,1
38,37,497534,14,32,0,1
50,7,1007043,2,45,0,0
29,40,528297,7,218,1,1
39,39,1338297,12,288,0,1
61,62,610332,4,195,0,0
42,53,606568,4,252,1,0
66,4,309742,11,285,1,1
44,25,998118,8,235,0,1
59,7,176377,0,78,1,0
45,28,453815,6,91,0,1
33,69,243499,7,95,1,1
32,67,1379315,10,227,1,1
64,20,726551,9,285,0,1
68,11,1084789,2,234,1,1
61,67,745647,7,101,1,1
69,7,435314,0,251,0,0
20,23,962582,7,139,1,1
54,61,1435586,6,142,0,1
68,71,896714,3,239,1,1
24,34,251391,10,265,1,1
38,19,1054230,6,60,0,1
26,58,748423,9,22,0,1
56,9,220019,13,10,1,1
35,48,1363225,10,15,0,1
21,41,1472642,6,48,0,1
42,48,1416905,12,169,0,1
31,45,448492,9,118,0,1
67,25,191368,12,41,1,1
26,25,287461,11,9,0,1
43,19,882190,0,48,1,0
19,39,1428143,2,264,1,0
37,27,1199844,6,206,0,1
45,63,1261268,10,166,0,1
64,68,457345,12,1,0,1
24,19,568741,4,67,0,1
61,28,218222,8,209,0,1
25,33,975022,6,138,1,1
64,10,523693,2,36,0,1
52,30,1271518,14,217,1,1
31,22,643864,0,277,0,0
34,3,481785,4,179,0,0
53,48,555919,13,4,0,1
67,2,781066,14,129,0,1
57,54,310926,12,132,1,1
21,6,317267,9,98,1,1
19,40,541652,12,159,1,1
23,2,248044,4,235,1,0
59,2,245120,6,146,0,0
21,55,1247484,13,114,0,1
46,60,470868,0,3,0,0
35,6,337741,9,86,0,1
43,19,1228801,1,45,0,1
61,27,1492993,10,82,0,1
51,1,1274746,5,153,1,1
27,33,580570,7,281,0,1
53,40,985169,3,287,0,0
31,32,982969,2,110,0,0
48,69,681890,2,116,0,0
65,17,127182,2,96,0,0
32,8,1094877,1,281,0,0
25,57,1457779,0,188,1,0
31,42,502003,14,87,0,1
40,9,886825,4,86,1,0
57,35,243128,9,25,0,1
38,71,554699,4,30,0,0
33,53,1126200,4,125,1,0
62,54,521645,3,197,0,0
35,25,415050,14,30,0,1
64,67,1115261,2,231,0,0
41,62,1497010,11,44,1,1
43,55,930821,2,188,0,0
42,46,383049,1,51,0,0
62,24,681845,4,51,0,1
58,46,861994,3,78,1,1
46,22,857624,5,48,0,1
32,11,297271,1,229,0,0
62,48,802661,1,43,0,0
18,8,709040,7,291,0,1
42,39,891006,5,246,1,0
24,35,1499011,2,218,0,0
26,49,882262,4,21,1,1
41,46,1074280,2,129,0,0
18,38,1105716,10,6,0,1
61,8,580313,1,271,0,0
25,54,386881,2,43,1,0
41,37,1240188,0,239,0,0
28,40,171082,13,64,0,1
68,34,514496,6,245,0,0
34,17,1378137,5,72,0,1
25,33,1431757,4,70,1,1
52,47,219229,5,196,0,1
52,52,330205,7,188,0,1
50,9,196342,2,157,0,0
22,33,867224,2,24,1,0
59,60,652375,11,70,0,1
56,21,1258420,4,222,0,1
58,58,1129696,4,159,1,1
45,69,428905,13,74,0,1
24,10,752862,10,137,1,1
26,6,1090387,0,40,0,0
25,13,1331533,3,15,0,1
29,65,1365988,8,188,0,1
51,20,136764,7,27,1,1
50,57,293198,2,162,1,0
65,46,1387642,4,54,0,1
40,8,1346872,4,273,0,1
41,10,409199,6,101,0,1
54,67,1462319,7,41,0,1
52,11,1357688,8,262,0,1
61,12,926152,6,170,1,0
57,10,193120,14,207,1,1
39,25,1324132,1,48,1,0
44,49,227976,7,59,0,1
52,49,1000499,7,5,1,1
18,11,637507,10,147,1,1
52,62,470652,12,286,0,1
54,36,411009,13,210,1,1
64,39,1203033,1,149,0,0
31,53,1238735,12,84,0,1
20,56,1054321,5,159,0,1
18,1,1348641,12,46,0,1
22,56,193391,9,161,0,1
43,4,1069884,0,154,1,0
31,30,412544,10,229,0,1
56,12,398402,6,299,0,1
44,35,836366,9,157,0,1
26,52,1328605,1,160,0,0
32,31,997898,14,246,0,1
32,68,773641,4,55,0,1
43,52,1325328,13,150,1,1
59,7,765522,6,298,0,1
30,22,1374456,9,53,0,1
68,56,1118528,10,222,1,1
49,58,471021,14,253,0,1
56,64,1422058,14,67,0,1
66,12,843192,8,52,1,1
69,7,1160251,13,244,1,1
49,55,189606,0,39,0,0
21,62,382224,8,137,0,1
47,55,343747,10,265,0,1
54,36,348585,4,137,0,0
40,24,1424656,5,291,0,1
56,44,1158595,13,209,0,1
62,17,560498,7,171,1,1
32,2,450448,14,184,0,1
60,13,829221,10,298,1,1
46,31,1153062,13,239,0,1
53,28,444165,1,210,0,0
30,60,835224,11,150,0,1
49,27,774472,6,123,1,1
24,15,675985,11,48,1,1
68,33,1204574,3,123,0,1
39,20,209537,8,67,0,1
45,42,984248,5,230,0,0
19,12,1175152,6,8,0,1
59,23,1329748,10,265,0,1
62,14,1229814,5,124,0,1
23,25,1363621,10,111,0,1
45,31,1274461,7,53,0,1
45,54,1239429,5,88,0,1
61,5,1102383,6,94,0,1
61,13,1439864,7,249,0,1
37,28,1011575,14,165,1,1
47,43,1487868,0,226,0,0
28,47,1471318,14,135,1,1
45,71,775609,9,64,0,1
42,38,566981,11,4,0,1
56,67,191810,3,119,1,1
50,62,989302,5,218,0,0
18,39,1220707,0,42,0,0
44,37,1318025,3,187,0,0
69,8,545581,5,25,1,1
30,52,1445271,6,266,1,1
58,33,929358,12,161,1,1
20,42,190214,5,232,1,0
56,27,449894,10,129,0,1
23,8,1187175,3,20,0,1
25,23,329417,11,127,1,1
44,64,733778,12,75,1,1
26,20,646881,6,72,0,1
54,16,734153,9,232,1,1
50,17,1077397,13,105,0,1
68,19,797996,1,8,0,0
59,8,562441,5,118,0,1
61,38,1057867,4,49,0,1
41,38,1335607,1,9,1,0
32,53,841277,8,112,1,1
49,31,329701,12,265,0,1
49,44,1106629,6,77,1,1
41,60,232192,13,35,0,1
58,17,1033995,2,201,0,0
69,39,1192214,14,117,0,1
66,42,1318710,6,189,1,1
66,48,1106648,10,241,0,1
69,12,1163789,10,292,0,1
29,18,441910,5,168,0,1
56,6,765400,6,229,0,1
19,43,821662,3,47,0,0
20,35,867360,12,149,0,1
66,54,872354,12,207,0,1
54,62,314480,9,60,0,1
66,69,832654,12,116,0,1
34,16,511973,7,238,1,1
66,8,611213,7,47,0,1
19,31,614738,6,244,0,0
19,10,1293960,12,292,1,1
45,56,515335,6,4,0,1
40,70,1291452,9,99,1,1
54,20,438663,12,204,0,1
49,5,785359,12,179,0,1
50,23,1057262,7,16,1,1
18,9,980756,0,89,0,0
36,58,562735,5,107,0,0
19,59,363648,1,189,0,0
61,54,1138985,0,179,0,0
43,46,430130,11,248,1,1
49,22,569988,9,250,0,1
23,64,1003153,6,19,1,1
49,8,175427,5,96,0,0
21,20,1449507,4,221,0,0
28,51,113898,14,143,0,1
34,39,1027976,4,6,1,1
55,37,1229376,8,267,0,1
41,50,471167,8,295,1,1
22,34,1050136,11,0,0,1
69,33,1275294,11,57,1,1
51,31,658031,5,263,0,1
23,54,867877,12,89,0,1
39,44,1323034,14,74,0,1
28,34,230864,2,260,1,0
65,71,1300971,6,281,0,1
33,62,1320967,3,242,0,1
50,23,330804,4,118,1,1
26,46,888512,6,46,0,1
23,56,1293424,14,167,0,1
33,7,1345879,11,26,0,1
46,61,1333460,6,295,0,1
20,3,1226161,14,0,0,1
37,38,1272723,9,173,0,1
53,34,1164204,7,166,0,1
36,44,487994,0,17,0,0
43,30,1408093,4,90,0,1
20,17,239337,14,201,0,1
36,59,898892,11,20,0,1
37,10,359970,8,155,0,1
49,18,888634,14,13,0,1
24,45,1262422,6,19,1,1
69,59,975842,10,243,1,1
58,62,344000,11,172,1,1
50,59,373994,12,121,0,1
57,49,758166,1,183,0,0
56,63,1024667,0,67,0,0
35,32,456512,7,292,1,1
57,10,886617,8,158,1,1
18,11,1173294,9,48,0,1
28,70,1278869,4,180,0,0
45,62,771366,13,294,1,1
42,47,849440,10,140,0,1
67,34,526185,5,17,1,1
40,17,701108,14,139,0,1
48,54,990446,1,71,0,1
47,40,1147197,10,241,0,1
59,19,1135357,4,260,0,0
52,67,520871,11,262,0,1
24,53,181234,3,142,0,0
33,64,593622,7,194,0,1
43,47,371246,7,145,0,1
65,6,953539,13,293,1,1
69,16,334501,4,25,0,1
66,18,1039057,10,58,0,1
19,52,1232655,7,51,0,1
18,48,718725,5,148,0,0
65,43,297937,9,106,1,1
29,39,480445,5,58,0,1
22,49,256454,12,257,0,1
54,12,138795,14,280,0,1
49,10,1200001,12,18,0,1
26,71,681690,3,165,0,0
58,55,555755,9,24,0,1
52,1,465271,11,3,0,1
36,49,1040963,10,2,1,1
65,36,1352143,2,26,1,1
33,21,719405,8,218,0,1
20,37,1410288,4,43,1,0
37,24,564962,9,211,0,1
41,55,1335926,9,51,0,1
50,25,440300,3,152,0,0
41,7,529960,5,201,0,1
69,71,1499060,13,10,0,1
28,71,130568,3,67,1,1
66,24,1035495,14,226,0,1
25,11,1419632,5,120,0,1
53,12,787887,9,14,1,1
55,35,1113903,7,56,0,1
57,63,1461146,7,63,0,1
37,68,330066,11,229,0,1
52,57,1401583,5,10,0,1
65,13,594957,0,120,0,0
42,23,102355,12,223,0,1
52,39,196429,0,224,0,0
42,12,578187,13,124,0,1
46,34,538949,2,147,0,1
35,71,1070220,1,227,1,0
63,31,211151,0,29,0,0
35,62,1449246,0,9,1,0
19,13,427521,11,53,1,1
52,31,275477,11,185,0,1
33,2,604898,11,206,1,1
58,15,675817,5,254,0,1
53,57,212833,6,156,1,1
50,34,1252154,14,128,0,1
21,68,1332031,7,57,0,1
50,29,605527,2,194,0,1
31,66,663465,0,75,0,0
38,16,741191,4,88,0,1
65,39,581465,7,80,0,1
37,37,1450405,11,185,1,1
25,21,1356870,10,267,0,1
24,44,168590,13,78,1,1
20,19,1419697,10,144,0,1
34,71,977000,3,128,0,1
50,8,935399,1,13,1,0
65,66,1484792,8,118,0,1
29,41,508286,11,1,0,1
68,70,907932,12,3,1,1
39,61,599203,8,243,0,1
39,26,1001907,2,65,0,0
63,71,634299,6,245,1,1
47,70,279111,12,89,1,1
55,29,502112,0,177,1,0
55,66,457479,7,59,1,1
62,19,1097622,7,231,0,1
68,68,100814,12,175,0,1
25,58,568492,2,166,1,0
44,70,1118585,11,197,0,1
44,57,1430870,14,59,0,1
51,37,103825,4,82,0,0
38,61,674656,3,73,1,0
47,30,508016,6,25,0,1
50,71,1224111,10,242,0,1
45,25,186390,6,115,0,1
64,65,323923,10,179,1,1
50,6,830377,7,261,1,1
22,18,279577,4,113,0,0
65,10,838142,12,265,0,1
36,11,909033,10,37,1,1
21,65,1290325,4,76,1,1
52,65,522768,7,101,0,1
66,52,561107,4,11,1,0
34,67,593915,12,48,1,1
61,31,1271931,13,253,0,1
45,17,264364,12,248,0,1
47,55,228424,0,71,1,0
46,36,225451,10,196,0,1
63,26,428241,2,252,0,0
23,53,771544,1,298,1,0
52,17,1107537,11,221,0,1
58,25,1368984,9,59,0,1
54,2,1078550,4,156,1,1
41,5,1477461,12,201,0,1
46,4,685665,7,266,0,1
66,36,669449,14,34,0,1
63,6,790366,8,254,0,1
48,21,248616,8,22,1,1
52,26,629527,0,164,1,0
50,55,669073,0,27,0,0
69,39,123358,0,52,0,0
38,33,575890,0,283,1,0
49,14,1336098,8,297,0,1
40,56,319592,0,84,0,0
50,21,259500,6,123,1,1
20,46,1157672,5,206,0,1
35,16,1196158,8,164,0,1
42,16,812755,10,46,1,1
59,29,998027,8,155,1,1
48,8,1480204,3,265,0,0
20,3,887719,8,278,1,1
57,19,1466908,13,4,0,1
63,66,475038,14,81,0,1
41,22,1281420,12,118,1,1
67,46,1332702,13,261,0,1
49,13,1072382,5,124,0,1
64,33,751088,4,214,0,1
39,5,1469013,8,27,0,1
40,27,574514,14,268,0,1
19,24,631501,6,24,1,1
44,67,1425661,8,6,0,1
59,63,982313,4,193,0,0
19,48,509180,3,79,0,0
43,63,1175431,9,35,0,1
34,12,1076273,2,257,0,1
57,28,1101008,4,112,0,1
50,44,901341,8,293,0,1
26,43,834474,2,201,0,0
60,17,516584,0,13,1,0
65,40,194135,1,154,0,0
56,49,695543,9,84,0,1
46,57,1361144,4,139,0,1
59,64,335787,2,96,0,0
43,57,896784,5,184,0,0
52,70,458565,14,188,0,1
67,43,966971,14,81,0,1
42,23,1419943,10,299,0,1
41,27,1397624,7,179,0,1
30,58,964686,5,104,0,1
24,37,150044,9,209,0,1
53,6,1104593,8,248,1,1
62,65,976650,14,71,1,1
37,6,709288,5,160,1,0
18,50,827362,13,132,0,1
25,22,1441748,4,239,0,1
63,25,157965,3,77,0,0
33,51,1383042,1,57,0,0
31,48,169776,5,124,0,1
29,70,393603,1,10,0,0
68,65,190932,4,26,0,1
40,60,968763,0,206,0,0
32,46,780049,2,221,0,1
45,36,430126,9,249,0,1
51,58,496562,4,207,0,1
19,38,276251,12,108,0,1
49,11,926949,12,295,0,1
40,12,431822,6,60,0,1
39,42,312678,7,121,0,1
68,39,474635,6,238,0,1
42,71,959055,6,105,0,1
39,11,582504,10,278,0,1
39,36,1360819,14,35,1,1
66,52,410719,1,37,1,0
69,31,1455759,5,71,1,1
59,33,805315,4,55,0,1
23,13,1228836,10,166,0,1
32,18,680159,14,220,0,1
60,41,291750,8,75,1,1
54,58,745061,11,209,1,1
50,56,524567,9,210,1,1
25,24,684981,10,227,0,1
61,31,917865,3,224,0,1
61,55,1223373,11,253,0,1
22,10,310087,6,155,1,1
56,60,902236,10,148,0,1
21,2,931533,7,278,0,1
23,15,815475,13,230,0,1
62,3,702651,5,189,1,0
49,43,1136374,2,224,0,0
69,31,1256480,10,64,1,1
47,70,1455420,4,107,0,0
64,67,739240,0,79,0,0
52,56,439720,13,132,0,1
57,63,378271,12,173,1,1
69,15,1366366,7,63,1,1
33,10,1107567,11,209,0,1
30,38,622471,11,296,0,1
67,47,636761,11,97,0,1
59,57,1379158,10,171,0,1
47,50,948268,1,88,0,0
36,71,404608,12,225,0,1
34,15,1471598,9,142,0,1
36,18,1051712,6,195,0,1
45,2,459625,8,178,1,1
43,43,1104608,0,53,1,0
54,26,1092187,12,195,0,1
43,71,312875,3,216,0,0
40,38,927946,6,297,1,1
26,42,1245564,13,24,0,1
29,5,1415856,8,66,0,1
18,11,1246691,1,162,1,1
18,65,131516,1,111,1,0
64,34,439126,5,205,1,1
51,1,145099,2,136,0,0
49,2,976492,3,278,0,0
65,20,861733,2,164,0,0
42,61,735361,12,270,0,1
57,21,937620,0,227,0,0
62,68,629848,13,126,0,1
18,12,604373,13,269,0,1
33,22,208763,5,247,0,1
56,20,570409,10,35,1,1
22,1,315448,10,154,0,1
39,30,1190006,12,144,0,1
46,24,307932,1,259,0,0
20,14,229189,1,18,0,1
29,36,1100598,6,57,0,1
43,69,1132302,4,262,1,1
33,24,1299591,7,35,0,1
68,60,406658,13,210,0,1
54,55,311980,1,147,0,0
39,24,1030135,12,101,0,1
46,24,170408,9,75,0,1
31,54,1372731,7,67,1,1
45,26,929773,6,65,1,1
22,66,244763,12,221,1,1
64,38,1415473,9,150,0,1
66,65,1419365,13,273,1,1
47,51,336192,7,277,0,1
63,35,458121,10,67,1,1
69,43,664312,2,234,0,0
22,29,1360246,7,202,1,1
29,37,1289283,14,232,0,1
33,58,921601,5,162,1,0
43,54,440791,1,97,0,0
43,39,340739,5,8,0,1
65,42,287401,4,248,0,1
38,28,544374,2,226,0,0
56,29,339354,0,240,0,0
53,43,248865,6,74,0,1
50,3,133677,1,16,0,0
47,10,909454,0,50,0,0
54,59,1088652,0,227,0,0
40,14,258337,6,193,0,1
27,47,624818,11,279,0,1
22,42,371695,0,237,0,0
53,32,390538,8,270,0,1
51,32,667275,5,156,1,1
69,42,954528,3,253,1,0
48,32,1494817,11,117,1,1
27,26,1481359,3,49,0,1
36,1,102781,14,277,1,1
49,56,1165906,12,51,0,1
18,2,1415977,11,180,0,1
22,30,682930,13,30,1,1
62,71,413807,4,245,1,0
21,52,1384015,1,89,1,1
33,9,887313,4,30,0,0
41,22,495063,1,101,0,0
33,34,860263,11,229,0,1
19,49,1068631,3,96,0,0
66,1,745553,9,66,1,1
45,53,1498366,10,191,0,1
49,40,1275724,13,210,0,1
44,45,1448056,4,136,0,0
37,68,271003,5,183,0,1
41,9,537140,5,55,1,0
29,22,909398,8,249,0,1
67,18,1159896,3,281,0,1
52,43,689413,12,59,0,1
50,39,1085256,13,127,0,1
50,6,1370748,4,204,1,0
68,48,335077,5,213,0,1
60,7,1265872,3,126,0,1
54,69,225355,5,71,0,1
29,16,551930,1,215,1,0
20,1,111780,11,89,0,1
18,37,962662,12,232,1,1
50,37,614249,6,232,0,0
57,64,1099602,2,62,1,0
27,62,736984,13,246,0,1
60,61,730363,9,134,0,1
61,33,1402307,3,1,0,0
46,66,233001,8,160,0,1
30,30,610452,14,139,0,1
29,20,1005954,14,201,0,1
48,60,984847,11,124,0,1
63,24,996147,14,81,0,1
19,4,222636,12,163,0,1
68,37,1159692,4,239,1,1
67,4,1367602,8,212,0,1
52,18,1494021,9,148,1,1
40,66,529111,12,71,0,1
34,48,648155,9,102,0,1
43,33,995939,9,182,0,1
25,58,427716,11,183,0,1
46,28,558450,9,12,0,1
43,35,1232324,5,231,1,1
27,10,242324,7,149,0,1
43,65,185261,4,262,1,1
51,42,1024510,4,23,0,1
68,9,868731,2,188,0,0
58,60,320667,6,132,1,0
24,15,656459,1,49,1,0
21,57,255346,10,182,0,1
67,69,651936,11,25,0,1
62,22,431798,2,137,0,1
28,64,357471,14,10,0,1
46,41,309691,1,295,0,0
53,71,149647,14,101,1,1
42,56,571939,12,10,0,1
38,23,1052254,7,111,0,1
53,25,484560,3,93,0,0
27,6,1098958,9,259,0,1
54,34,778514,7,257,1,0
26,63,803526,7,166,0,1
41,9,1444721,7,208,0,1
52,60,1321172,7,44,0,1
66,49,1086059,7,204,0,1
52,51,101304,11,41,0,1
65,60,747010,8,284,1,0
53,70,998880,1,99,0,0
35,37,1066788,8,271,1,1
66,31,968800,7,5,0,1
56,41,1236903,10,41,1,1
49,62,896454,9,252,0,1
41,58,1355534,0,75,0,0
40,14,177354,13,41,0,1
49,36,526833,4,267,0,1
54,36,1268621,10,216,0,1
29,8,289896,1,63,1,0
66,26,1272356,9,178,0,1
30,36,825750,4,28,0,0
40,48,1182883,12,274,0,1
42,28,347659,14,215,0,1
52,68,885244,7,53,1,1
58,62,1413964,8,79,0,1
47,51,1173666,8,193,0,1
34,42,426421,0,199,0,0
66,29,735847,6,12,0,1
37,10,199895,11,221,0,1
65,39,1271217,10,192,0,1
42,1,541752,7,239,1,1
39,39,369999,9,269,1,1
30,21,353555,2,297,1,0
36,65,1009395,12,98,1,1
66,15,1407421,5,219,0,1
53,4,1003247,10,103,0,1
29,60,1049456,2,64,0,1
58,61,1259689,8,144,0,1
36,20,1461094,12,37,0,1
29,10,1023194,2,27,0,1
26,34,636809,1,288,0,0
24,48,724434,8,236,0,1
45,33,1355667,14,125,0,1
31,61,244776,10,84,0,1
48,10,158933,12,236,1,1
69,54,143856,13,245,1,1
36,65,661544,7,265,0,1
64,1,523831,7,248,1,1
33,5,221638,1,291,0,0
22,15,1033016,5,204,0,1
52,28,894733,12,227,0,1
29,23,1235425,12,239,0,1
42,17,829353,4,72,0,1
69,13,974479,13,158,0,1
38,14,449135,11,211,1,1
53,11,949490,1,135,1,0
40,28,592474,4,282,0,0
33,42,1082430,3,163,0,0
56,61,1032511,8,136,0,1
62,64,942252,11,170,1,1
59,31,1032930,0,151,0,0
56,10,1090135,5,164,0,1
31,8,1455511,6,296,1,1
48,21,320712,14,103,0,1
22,59,1117765,11,221,0,1
52,50,891376,5,281,1,0
40,69,531042,4,128,0,0
46,70,916929,11,219,0,1
60,30,914155,3,172,0,1
28,17,1052791,4,95,0,0
35,20,898277,8,51,1,1
64,48,561322,4,93,0,1
29,2,316879,9,63,1,1
26,37,1385655,14,20,0,1
27,1,1204145,7,105,0,1
61,4,181434,6,199,0,1
34,54,1359573,3,280,1,1
55,25,1393366,9,281,0,1
24,3,1042967,4,99,0,1
63,9,1105844,6,26,0,1
30,34,1200658,5,244,1,0
57,43,547905,12,62,1,1
59,22,438551,2,37,0,1
26,70,1106137,9,126,0,1
67,2,951198,14,70,0,1
44,66,1214287,2,133,0,0
19,32,608469,1,252,0,0
22,16,736288,13,12,0,1
46,1,939941,2,173,1,0
54,48,1433077,10,89,0,1
55,50,928786,9,288,0,1
36,13,400714,12,206,1,1
25,15,116263,0,61,1,0
65,53,1329747,12,38,0,1
62,44,1353960,8,59,0,1
18,8,602574,1,104,0,0
39,46,1223924,11,238,0,1
69,69,709563,12,126,0,1
34,19,875299,2,82,1,0
24,38,1430295,4,219,0,0
42,11,1170807,9,104,1,1
62,43,803091,11,73,0,1
21,20,909532,3,134,0,1
53,20,1116339,12,61,0,1
23,21,290409,4,0,1,0
48,57,873418,5,78,0,1
36,50,111357,4,64,0,1
61,26,560189,9,182,0,1
56,30,780306,0,65,0,0
44,31,679437,5,207,0,1
27,42,1154142,8,53,0,1
43,68,746762,2,220,0,0
36,61,928008,14,235,0,1
56,61,1480270,1,99,0,0
20,70,489203,5,102,1,0
62,68,873358,11,181,0,1
30,17,441293,13,107,1,1
67,19,395843,2,11,0,0
45,51,1396665,3,85,0,0
37,70,1460265,5,287,0,0
45,63,593985,11,213,0,1
25,30,1332077,12,43,0,1
58,25,318422,11,77,0,1
56,71,909818,5,54,0,1
18,26,1469993,11,271,0,1
20,56,928017,1,70,0,0
30,22,859652,12,67,0,1
45,19,1156085,12,179,0,1
66,31,342225,2,173,0,0
42,26,963039,12,168,0,1
50,42,1372926,8,260,0,1
55,41,308222,1,124,0,0
23,23,355117,2,130,0,0
61,47,1211881,8,233,0,1
62,13,1453571,3,153,0,1
49,66,1487630,14,124,0,1
62,66,1182983,0,99,1,0
64,16,933038,10,52,0,1
38,28,1359166,12,127,0,1
33,35,1114298,1,13,0,0
38,41,372659,14,4,1,1
28,31,1290478,2,249,1,1
54,32,1471351,8,26,0,1
53,54,1274072,14,124,0,1
52,59,1024303,8,28,0,1
36,41,829443,10,2,0,1
37,66,1376746,14,227,0,1
35,54,507544,5,136,0,1
64,40,1377421,13,256,0,1
58,28,1457416,10,239,1,1
66,37,138872,5,278,1,1
31,65,968515,2,159,0,0
32,55,647594,4,5,1,0
48,4,145693,14,142,0,1
18,10,717654,10,180,0,1
20,47,431061,3,29,0,1
33,14,462512,9,252,1,1
40,38,598109,9,39,0,1
28,12,1374025,11,186,1,1
29,45,238519,8,226,0,1
27,17,579120,8,219,1,1
49,35,251343,0,42,1,0
33,66,559091,7,143,1,1
25,41,847405,14,277,1,1
55,67,727722,8,173,0,1
29,29,812203,4,246,0,1
41,18,388365,3,172,0,0
45,20,358180,9,40,0,1
25,14,156467,3,49,1,0
45,34,211414,1,179,0,0
53,49,143086,8,158,1,1
43,54,705432,4,36,1,1
25,31,1149214,10,26,0,1
67,58,1090749,2,255,0,0
45,42,957111,5,277,0,1
45,58,1342582,8,248,1,1
54,30,953192,8,180,0,1
58,25,147234,11,16,0,1
53,63,1471769,12,124,0,1
44,19,803407,4,211,0,1
34,8,1258982,7,236,0,1
26,3,1289389,3,298,1,1
50,67,875471,4,199,0,0
37,17,425148,6,180,0,1
30,14,1472209,6,129,0,1
45,9,205711,12,120,0,1
65,62,1033146,6,186,0,1
46,21,1485823,7,226,0,1
30,37,597288,10,161,0,1
63,11,348134,4,111,0,1
52,20,218778,14,133,0,1
23,35,1181679,0,185,0,0
35,53,1128761,10,174,0,1
68,47,1163906,8,260,1,1
22,52,1281782,8,268,0,1
64,8,1273255,14,281,0,1
42,4,673697,6,223,1,1
19,27,326270,11,251,0,1
27,44,100184,5,63,0,1
47,40,589139,12,123,0,1
67,47,221529,12,69,0,1
62,44,155810,4,237,0,1
22,48,1348698,4,74,1,0
50,52,1137825,14,9,0,1
18,68,659408,2,267,0,0
35,11,803844,9,87,0,1
49,4,1485756,0,49,1,0
64,48,180528,5,142,0,1
66,26,286185,7,58,1,0
28,39,284168,13,210,0,1
38,58,215742,1,71,0,0
43,19,772445,7,243,0,1
42,58,1293150,7,238,1,1
39,28,408623,9,189,0,1
44,66,703672,7,49,1,1
66,10,1236533,9,204,0,1
30,58,1425146,14,53,1,1
50,14,869867,2,223,1,0
51,15,933297,9,155,0,1
58,33,671692,7,50,1,1
52,17,943855,10,240,1,1
18,24,190947,14,160,0,1
38,30,1179728,11,128,1,1
65,62,466014,11,84,0,1
23,13,392881,13,68,1,1
45,62,678613,3,54,0,0
34,47,1318415,2,84,0,0
22,16,1373440,10,79,1,1
48,66,968591,8,219,0,1
22,43,815597,7,109,0,1
55,8,1466433,9,252,0,1
20,3,1190391,12,163,1,1
40,12,558213,12,102,0,1
54,16,1143030,1,112,0,0
54,59,818596,12,251,0,1
27,49,1498507,12,151,0,1
27,63,1488963,14,250,0,1
36,62,122743,12,87,0,1
34,49,943171,13,99,0,1
38,51,1093830,7,119,1,1
31,33,1131109,10,203,1,1
26,30,984588,10,148,1,1
63,59,754563,2,200,1,0
18,15,1360780,9,294,0,1
68,23,130339,11,2,0,1
62,45,1182697,13,67,1,1
30,62,536211,5,153,0,0
21,71,1069536,4,181,0,0
18,15,1067335,7,12,0,1
66,46,1190022,8,188,0,1
57,64,1397956,10,19,0,1
49,46,1275106,6,282,0,1
51,56,538894,5,9,1,1
45,44,1038202,5,187,0,1
48,29,860528,0,18,0,0
25,62,183404,4,142,0,0
56,52,1458638,13,102,1,1
43,54,1245242,7,240,0,1
51,57,608594,5,151,0,1
20,66,1336883,11,271,0,1
67,22,1387156,0,187,0,0
29,20,876716,14,209,0,1
18,33,1118155,14,176,0,1
61,25,1381660,4,193,0,0
22,46,391190,12,176,0,1
47,57,319368,10,65,0,1
47,5,1149213,11,1,0,1
34,55,450857,4,270,0,0
65,61,1099291,11,59,1,1
64,8,1437529,2,42,1,1
40,16,1041260,7,92,0,1
32,48,552685,14,225,0,1
54,61,177185,8,285,1,1
38,15,1013601,5,62,1,1
31,65,1094406,5,279,1,0
19,22,1404862,1,13,0,1
28,3,812515,9,27,0,1
68,54,478337,1,141,1,0
56,14,206745,5,107,0,1
55,36,1476036,11,289,0,1
51,67,695144,7,77,1,1
55,10,1094764,1,246,1,0
67,49,401355,8,11,1,1
51,65,1496189,12,183,0,1
35,57,403561,11,295,0,1
47,27,840018,13,239,0,1
32,5,293899,8,262,1,1
44,71,1048941,14,72,0,1
68,57,906951,13,67,0,1
51,15,894415,3,286,1,0
69,30,1135603,3,219,0,0
55,20,892067,3,46,1,0
50,37,988805,10,57,0,1
41,3,990987,4,23,0,0
32,41,472027,7,289,0,1
47,39,348945,1,23,0,0
59,26,250694,10,63,0,1
68,2,174975,4,254,0,0
34,23,160666,13,147,0,1
22,23,463021,1,115,0,0
46,16,1466725,14,97,0,1
21,9,242475,10,238,1,1
27,13,684765,10,282,1,1
34,28,1117114,7,299,0,1
27,27,986837,0,92,0,0
34,51,585705,14,64,1,1
37,64,418952,6,173,0,1
41,52,1182156,2,234,1,0
22,38,1074556,3,166,0,0
51,65,223731,13,236,0,1
23,18,454000,14,6,1,1
19,63,142898,7,42,0,1
30,51,1231366,2,275,0,0
60,9,639515,11,152,0,1
60,13,1419546,12,42,0,1
65,40,461116,12,212,1,1
28,55,551420,6,200,0,0
68,43,501889,11,154,0,1
64,44,717690,0,219,1,0
40,68,922590,8,152,0,1
33,33,568205,12,35,0,1
48,24,1273788,5,225,0,1
28,36,770756,2,120,1,0
33,10,1140486,6,8,0,1
25,20,324978,14,180,1,1
21,12,1236045,12,20,0,1
57,62,459140,4,271,0,1
21,18,127268,7,193,1,1
42,63,164636,7,25,0,1
20,25,1045751,11,284,0,1
49,12,485905,8,97,1,1
20,21,902717,5,218,0,1
44,25,317975,3,272,1,0
46,11,621471,12,287,0,1
49,64,1172712,1,65,0,1
67,50,1077882,2,110,0,0
68,62,643249,4,211,1,0
36,49,1313091,7,170,0,1
38,14,1429543,11,58,0,1
22,1,437553,9,29,0,1
35,25,204249,1,266,1,0
45,59,1174428,4,153,1,0
59,69,1186111,13,1,1,1
39,5,1307471,8,168,1,1
38,19,729201,1,213,0,0
23,23,1397984,14,250,1,1
18,9,107131,7,30,0,1
22,50,838592,2,182,1,0
58,16,654868,7,188,0,1
29,33,738451,3,212,0,0
43,2,1242776,3,126,0,1
63,14,181118,11,291,1,1
51,1,648524,6,295,1,1
66,58,385574,4,22,0,1
31,16,183299,3,17,0,0
43,47,793540,6,78,1,0
62,44,696658,11,33,0,1
44,14,581239,2,106,0,0
26,24,227845,14,198,1,1
43,55,808636,8,190,1,1
64,15,739340,13,231,0,1
39,34,1282303,12,61,0,1
64,2,550968,4,41,0,0
47,27,730025,11,23,0,1
60,23,1327318,2,162,0,0
65,68,1284920,1,182,1,0
34,14,399615,6,94,0,1
43,63,1197338,11,82,0,1
53,65,1039019,6,92,0,1
18,68,265379,11,277,0,1
25,63,873481,12,104,0,1
66,64,1096185,4,84,1,0
52,32,773346,3,60,0,0
69,13,446768,12,207,1,1
32,66,432744,10,157,0,1
64,19,742624,1,68,0,0
39,24,1465608,1,261,0,0
31,11,1105236,6,233,0,1
43,59,1291251,9,138,0,1
45,15,430168,6,279,0,1
40,10,1239304,3,230,0,0
31,41,915329,13,50,0,1
41,27,774162,3,238,0,0
19,60,247483,3,18,0,0
62,52,160399,10,177,0,1
43,28,326274,1,208,0,0
31,65,160692,12,130,0,1
68,17,173513,12,230,0,1
24,44,590783,8,91,0,1
20,10,301157,0,30,1,0
64,63,1037841,14,248,0,1
40,47,455045,7,123,0,0
63,38,868693,5,135,1,0
60,70,1304155,14,272,0,1
64,53,683884,12,99,0,1
62,44,170509,9,218,1,1
35,54,632724,6,103,0,1
55,20,110086,11,96,0,1
52,31,1100780,4,202,1,1
68,7,453198,5,20,0,1
32,58,926164,5,197,0,0
42,10,1015360,12,111,0,1
54,10,1405720,8,148,1,1
45,39,326562,9,242,0,1
27,28,1150321,12,182,1,1
56,30,899129,3,283,0,0
34,37,585685,11,299,0,1
56,67,1152455,10,88,0,1
39,43,316769,11,221,0,1
43,52,773859,12,247,1,1
61,56,843537,4,176,0,0
42,68,1487244,3,117,0,1
34,9,1499726,0,173,0,0
30,23,923681,9,218,1,1
37,63,517065,5,217,0,0
42,61,1116737,4,76,0,0
21,40,828669,3,87,1,0
27,44,1381276,5,77,0,1
20,24,391220,11,200,0,1
58,51,825483,4,63,1,1
62,58,788484,2,3,0,0
35,33,771147,1,82,1,0
64,16,448128,12,192,0,1
53,22,1219611,5,5,0,1
64,57,1152417,3,192,0,0
39,62,1455610,10,216,0,1
51,71,649690,14,21,0,1
64,70,473857,12,144,0,1
25,30,1106095,9,284,0,1
57,23,197807,2,144,0,0
66,32,909669,13,1,0,1
61,57,1322636,7,287,0,1
36,9,307382,11,224,0,1
59,31,493769,8,213,0,1
58,71,769220,14,165,1,1
54,9,714727,6,140,0,1
23,13,1417765,1,63,1,0
69,58,437060,7,211,0,1
43,3,156435,10,288,0,1
51,35,198453,12,97,0,1
62,21,1394325,12,165,0,1
23,64,620848,10,125,1,1
54,52,1151429,4,156,0,1
50,34,210884,14,249,0,1
39,35,148022,14,60,0,1
38,15,395868,14,31,1,1
23,6,897872,10,273,0,1
23,32,523500,9,20,0,1
65,52,1255487,6,11,1,1
21,28,185694,4,243,1,1
47,64,507558,1,102,0,0
28,19,295333,11,275,0,1
47,15,1407580,11,6,0,1
48,6,1145901,11,129,0,1
41,38,495151,3,298,0,0
26,26,589218,12,96,1,1
20,51,194203,10,276,0,1
68,53,1335369,4,284,1,0
48,56,1118281,5,287,0,0
57,59,1247615,4,172,1,1
54,70,1413558,9,204,0,1
53,58,854936,10,102,1,1
41,13,1248742,14,112,0,1
48,43,923426,0,130,0,0
23,51,130384,0,38,0,0
19,19,407522,14,7,1,1
37,21,525859,2,45,0,0
45,24,510142,8,193,1,1
28,26,1187553,10,5,0,1
21,45,1172228,1,57,1,0
32,28,1158846,9,168,1,1
23,29,292702,4,121,0,0
66,17,136417,8,248,0,1
47,68,227390,6,206,0,1
55,44,540110,10,114,0,1
68,61,680330,7,238,0,1
19,68,425397,1,53,0,0
32,25,1328489,4,75,0,0
28,67,414867,8,168,0,1
25,2,251389,0,47,0,0
43,49,1072512,0,223,0,0
68,70,801485,9,69,0,1
62,26,1360632,7,154,1,1
61,27,1486169,1,46,0,0
22,18,829462,8,278,0,1
23,54,853340,9,201,0,1
43,1,1229717,8,141,0,1
21,61,994208,3,125,0,0
36,3,146652,1,152,0,0
37,68,216048,2,64,0,0
50,41,160941,9,95,0,1
37,37,973772,0,180,0,0
66,51,1485548,2,177,0,1
29,15,257182,4,128,1,0
64,8,498565,2,38,0,0
18,38,1310022,2,299,0,1
43,56,446689,9,132,0,1
31,47,472767,5,108,1,0
55,10,493273,2,71,0,0
54,49,1091543,2,207,0,0
28,41,426722,14,64,0,1
53,30,250193,8,240,1,0
30,5,367637,1,78,0,0
60,71,884118,0,87,0,0
20,31,726469,9,177,0,1
50,52,319778,7,261,0,1
23,23,1006628,12,65,0,1
67,48,1412151,13,104,0,1
27,40,555457,2,97,1,0
22,6,1062798,6,95,0,1
40,38,724367,1,45,1,0
27,41,879558,10,30,0,1
61,27,317199,10,203,0,1
19,69,787843,11,147,0,1
30,57,1441915,7,131,0,1
57,17,879568,8,185,1,1
19,71,858049,7,188,0,1
37,47,253807,7,126,1,0
18,13,639491,7,296,0,1
54,11,1414694,13,86,0,1
26,24,335281,6,120,0,1
34,4,464913,1,134,1,0
26,46,1057217,7,198,0,1
28,18,602578,4,170,1,0
32,43,112636,5,259,1,1
41,33,1445790,3,123,0,1
55,10,521976,0,241,1,0
52,59,629254,12,70,0,1
47,31,867111,4,58,1,0
48,28,1004846,2,108,1,1
66,60,1494682,8,40,0,1
22,3,703986,3,285,0,0
61,55,665770,9,145,1,1
67,14,340275,1,285,0,0
31,58,1151574,3,51,0,0
28,15,1271235,2,175,0,0
26,2,1209841,2,278,0,0
51,24,1215021,4,164,1,1
29,64,997465,0,251,0,0
52,71,1136325,4,102,1,0
52,24,265720,7,52,0,1
18,27,1078127,14,254,0,1
57,37,964465,14,172,0,1
39,39,970912,9,250,1,1
46,63,990432,11,176,0,1
25,26,505234,8,48,0,1
28,65,104476,11,110,1,1
58,4,1126875,0,209,1,0
54,29,720056,13,247,1,1
31,1,1307130,1,174,1,0
47,50,293585,1,106,1,0
52,11,317483,5,152,1,1
38,59,902651,0,154,0,0
54,62,1441168,10,139,0,1
22,36,573119,0,150,0,0
36,56,893287,1,272,1,0
31,21,561849,14,43,0,1
43,13,1324233,11,70,1,1
21,9,756444,12,124,0,1
42,11,1247432,3,151,1,0
62,70,253016,1,219,0,0
59,1,1051425,3,214,1,1
42,70,1209858,2,143,0,0
35,56,1235969,2,106,1,0
57,31,806757,14,280,0,1
25,37,642358,8,63,0,1
56,47,870741,7,283,0,0
57,47,156690,11,264,0,1
31,69,845371,11,5,0,1
49,58,685422,9,167,1,1
68,36,622386,8,172,0,1
55,32,552655,0,118,0,0
50,64,393633,11,225,0,1
40,71,1171754,4,173,0,1
32,42,1468676,11,128,1,1
50,48,1327450,11,186,0,1
42,30,1211354,3,62,1,0
34,21,288791,10,273,1,1
50,60,1051077,13,85,1,1
64,13,526904,8,209,0,1
19,1,735754,13,192,1,1
31,65,218292,2,237,0,0
57,33,336424,4,19,0,1
57,38,146475,7,181,0,1
68,25,1461417,9,47,0,1
56,26,1309325,14,227,1,1
68,59,1099044,4,53,0,1
23,33,110272,8,101,1,1
23,41,1023716,1,88,0,1
20,30,208644,5,143,1,1
24,57,306308,4,147,0,0
68,49,981948,8,229,1,1
25,48,1296945,6,249,1,0
59,49,337957,7,224,0,1
69,47,521841,6,160,0,0
32,56,480457,12,167,1,1
64,65,549694,9,109,0,1
46,12,1473629,9,260,0,1
50,69,915799,4,172,1,0
69,6,801173,10,296,0,1
47,65,644409,12,242,0,1
56,25,1446267,13,208,0,1
44,1,425786,4,242,0,0
53,32,1435634,12,253,0,1
46,3,478808,10,81,1,1
55,49,603148,3,30,1,0
50,19,772538,1,3,0,0
54,60,167258,13,193,0,1
44,29,1209139,8,55,0,1
50,50,281122,9,260,1,1
21,2,949039,9,80,0,1
39,56,165638,11,53,1,1
19,17,863303,9,95,0,1
27,60,800534,9,256,0,1
22,36,1003152,2,203,0,0
27,61,1023676,10,210,0,1
50,17,701076,10,125,0,1
55,49,904350,2,6,1,0
30,60,893629,2,124,1,0
48,20,769037,7,270,1,1
64,50,366714,5,107,0,1
53,3,1220818,0,259,0,0
62,43,329810,11,69,0,1
41,57,147907,12,37,0,1
69,50,436802,14,174,0,1
32,68,146371,13,187,0,1
46,50,1028495,2,226,1,0
25,37,649175,3,257,0,0
22,46,638147,12,196,1,1
46,42,1041144,1,7,1,0
64,15,1459059,5,50,0,1
21,33,584284,9,221,1,1
29,11,597981,11,18,0,1
62,20,284307,0,246,0,0
19,24,596372,0,30,0,0
44,64,967414,7,79,0,1
48,65,908344,3,21,0,0
68,17,854927,14,288,0,1
68,61,744927,14,241,1,1
53,15,266587,0,213,1,0
53,51,508632,6,199,0,1
43,27,274847,8,164,0,1
60,61,464211,9,139,0,1
44,58,1422947,6,284,0,1
22,31,339891,0,12,0,0
37,12,919432,0,25,0,0
28,46,937685,11,21,0,1
27,31,735136,0,75,0,0
57,32,1478284,14,91,0,1
55,32,745209,7,265,0,1
23,53,1297961,6,47,0,1
25,61,345398,13,169,1,1
40,46,437330,2,244,1,0
64,7,322832,2,227,0,0
43,4,1463212,11,186,0,1
63,52,1441084,2,167,0,0
60,31,692237,1,202,0,0
29,36,1254906,13,5,1,1
43,54,1252298,13,131,0,1
30,54,129854,3,244,1,0
57,17,1245318,6,90,0,1
35,30,743913,8,125,1,1
42,22,529581,2,241,0,0
50,43,952588,9,248,0,1
64,27,1378881,6,6,0,1
57,37,221232,11,87,1,1
60,46,812084,14,85,0,1
29,35,377599,3,144,0,0
61,4,843106,0,197,1,0
53,26,1065177,4,163,0,0
65,19,899111,7,144,0,1
21,45,1341439,2,0,1,0
22,26,127429,9,119,0,1
54,22,380217,3,66,0,0
25,58,694495,14,48,0,1
59,63,130365,2,286,0,0
66,28,1073432,14,23,0,1
45,65,867263,9,210,0,1
48,44,960885,13,292,0,1
26,43,206657,13,62,0,1
68,37,1156360,7,55,1,1
46,66,1116466,9,17,1,1
31,17,1278805,7,76,1,1
57,40,1380849,13,259,0,1
58,38,351428,3,120,1,0
39,61,745201,10,183,0,1
28,9,620715,1,47,0,0
40,61,243363,11,146,0,1
18,16,577678,2,281,1,0
63,2,912586,2,293,0,0
54,43,605092,3,79,0,1
38,42,1348389,10,235,1,1
43,57,333420,12,228,1,1
63,67,1244406,1,283,0,0
53,30,398345,1,60,0,0
40,13,532695,2,219,0,1
18,19,1221496,11,88,0,1
68,7,313869,0,263,1,0
57,9,561811,7,227,1,1
32,54,787094,5,102,0,0
38,61,844287,2,87,0,0
64,2,1230027,0,22,0,0
26,50,199978,2,292,0,0
26,31,1191144,0,266,0,0
27,33,781153,2,16,0,0
69,11,1462924,3,284,0,1
43,33,804825,5,161,0,1
58,7,846201,6,77,1,1
52,31,816743,6,121,0,1
69,48,641055,8,111,0,1
42,47,400796,7,238,0,1
43,53,184244,12,209,0,1
28,19,506599,3,1,1,1
55,6,422233,5,202,0,1
19,49,1175016,10,286,1,1
24,50,1463163,0,116,0,0
35,12,842126,7,299,0,1
44,23,850550,5,113,0,0
51,54,1204495,1,73,1,0
44,69,247683,7,240,1,1
34,59,294555,3,53,0,0
60,36,1072360,8,158,0,1
61,3,1124011,3,108,0,1
68,58,926965,0,279,1,0
41,55,461970,6,152,0,1
42,57,1019029,9,162,0,1
24,17,771813,4,56,1,1
69,39,995176,9,213,0,1
23,68,119507,10,27,1,1
41,55,834756,11,203,1,1
50,45,1045410,4,32,1,1
66,1,566401,3,121,1,1
46,21,1423913,5,15,0,1
60,21,589774,0,153,0,0
39,52,862431,2,217,0,0
43,43,836809,10,104,1,1
45,52,1474762,11,76,0,1
67,67,421660,6,86,0,0
38,44,1310340,10,30,1,1
66,32,956922,7,99,1,1
24,10,133512,11,154,0,1
34,64,1160978,8,291,0,1
37,69,744052,0,105,0,0
58,68,764576,3,229,0,0
66,28,345739,1,2,0,0
37,53,1179626,1,221,0,0
39,51,150093,0,120,0,0
45,53,105050,4,159,0,1
57,4,1148522,1,270,0,0
66,17,933148,3,193,1,0
24,67,215455,8,217,0,1
18,47,495654,10,190,0,1
49,56,616929,2,251,0,0
30,23,995118,14,225,1,1
47,18,671719,7,0,1,1
40,1,1392021,9,132,0,1
68,35,1124627,12,89,1,1
36,64,378904,5,5,0,1
49,58,1095118,9,243,0,1
47,59,143815,4,132,0,0
46,1,125634,1,115,0,0
66,3,1471123,10,72,0,1
62,67,1195149,12,155,0,1
46,37,1046152,2,210,0,0
47,29,553413,7,68,0,1
33,33,908391,14,299,0,1
57,61,114570,11,143,0,1
36,4,1446143,11,198,0,1
35,14,180263,8,205,1,1
18,33,212446,10,200,1,1
31,22,818166,10,238,0,1
68,48,943395,6,67,0,1
64,3,134341,0,170,0,0
67,23,629885,11,296,1,1
19,68,585864,11,69,0,1
45,21,759156,12,286,0,1
66,43,1255703,12,16,0,1
67,26,1224165,5,136,0,1
47,41,521744,6,218,1,1
55,38,871280,11,5,0,1
68,11,231607,5,197,1,0
21,29,1459189,9,131,1,1
18,60,1123692,10,183,1,1
25,67,295984,12,17,1,1
46,65,1089921,1,212,0,0
56,61,670073,12,47,0,1
20,19,877426,8,28,0,1
49,46,1495737,2,152,0,1
27,49,469915,5,237,0,0
27,22,491170,5,264,0,0
36,57,607483,7,198,0,1
63,14,559777,12,13,0,1
51,44,786229,3,275,0,1
50,16,296166,14,9,1,1
40,12,1178768,5,138,1,1
45,55,1348805,0,166,1,0
49,51,704229,8,146,0,1
67,39,1053595,11,244,0,1
24,33,1105565,8,69,0,1
46,33,105017,6,103,0,1
25,29,1318851,10,228,0,1
18,69,811833,12,137,1,1
20,70,283195,0,35,0,0
41,31,410404,2,117,0,0
40,31,145938,11,254,1,1
25,46,289001,4,19,1,0
64,52,1233841,3,297,1,0
54,10,268444,4,20,0,0
20,41,808612,6,255,1,0
68,3,376772,8,247,0,1
50,59,485383,0,165,0,0
45,52,1292149,4,254,0,1
64,34,742453,2,77,0,0
25,49,975792,2,279,1,0
51,28,430492,10,281,1,1
52,13,460492,1,33,0,0
49,69,192862,5,98,0,1
41,67,346393,13,142,0,1
31,61,1157978,5,54,0,0
49,60,716149,2,2,0,1
63,71,1012553,0,218,0,0
60,24,282992,6,210,0,1
33,63,362084,1,148,1,0
21,61,731377,7,231,0,1
69,23,976227,2,87,1,1
54,30,737173,0,210,0,0
38,60,822822,9,222,0,1
31,18,1083896,8,295,1,1
48,56,305351,4,147,0,0
65,53,943431,0,206,1,0
35,7,1087178,9,226,1,1
24,69,1389032,10,183,0,1
27,52,312690,5,40,0,0
24,4,546642,9,181,1,1
50,34,1076328,2,43,0,0
40,69,213174,10,209,0,1
38,33,854270,14,249,1,1
36,69,305471,3,83,0,0
65,38,684947,7,138,0,1
36,26,1055294,14,230,0,1
53,1,870064,4,11,0,1
46,4,1243919,11,272,0,1
35,39,515334,5,89,0,1
19,54,283097,9,24,0,1
18,33,1208514,3,25,0,0
64,33,1153725,5,152,1,0
22,20,662367,2,59,0,0
37,16,757844,9,59,1,1
28,21,1072978,11,282,0,1
59,45,410745,0,170,1,0
19,62,614681,5,75,0,1
20,31,873253,13,275,0,1
40,42,930241,12,207,1,1
29,12,1300439,0,154,0,0
37,65,257720,9,179,1,1
22,3,524306,11,81,0,1
54,9,452780,2,9,1,0
55,51,754654,11,242,0,1
47,16,1376133,7,177,0,1
26,3,1250053,6,285,0,1
51,24,1166433,7,256,0,1
61,13,1011737,9,3,0,1
52,2,293399,9,214,0,1
69,71,1373034,1,29,1,0
39,21,873386,9,64,0,1
61,19,1322615,6,123,1,1
41,47,1085452,13,284,1,1
34,22,279933,3,152,0,0
27,33,741127,0,39,0,0
47,32,223307,10,25,0,1
63,64,222850,2,272,0,0
40,39,120948,4,158,1,0
49,42,395926,13,188,0,1
34,9,729505,9,263,0,1
67,25,856391,7,68,0,1
68,2,1348036,1,0,0,0
34,19,577744,1,78,0,0
31,20,1084313,7,227,0,1
26,70,238721,13,45,1,1
57,17,659011,8,107,0,1
19,68,174314,9,123,0,1
62,3,976744,12,147,1,1
42,51,1349733,12,251,0,1
56,26,312471,0,1,0,0
26,56,898241,13,221,0,1
39,64,763662,1,188,0,0
60,8,370244,14,70,0,1
63,37,439771,3,96,0,0
21,27,698923,11,231,0,1
43,45,1465740,2,29,0,0
46,4,629951,0,29,0,0
62,37,587043,3,214,0,0
51,71,933568,10,172,1,1
40,33,870602,12,279,1,1
54,31,993034,10,210,1,1
28,55,764945,1,124,0,0
23,12,1110300,9,79,0,1
35,11,586163,4,183,0,1
38,32,853830,0,14,1,0
59,57,1487158,13,10,0,1
53,38,136392,7,88,1,1
58,60,970699,9,2,1,1
55,19,1362972,1,23,0,0
51,56,1138370,10,88,0,1
34,14,262198,2,8,0,0
54,33,404629,2,45,0,0
42,10,604121,3,93,0,1
55,64,407942,6,70,0,0
29,64,1288665,12,187,0,1
40,62,781060,8,138,0,1
59,68,977112,2,9,1,0
39,43,1244022,0,2,1,0
38,59,601670,14,18,1,1
44,52,1327327,10,129,0,1
48,19,323293,9,220,0,1
23,21,189938,14,129,0,1
44,22,137232,0,112,0,0
57,9,850959,11,137,0,1
51,9,1128189,10,42,0,1
29,27,983671,5,217,0,1
62,17,157172,4,57,0,1
24,44,459449,9,112,0,1
27,45,244818,6,187,1,0
62,8,353048,6,121,1,1
34,18,1081041,2,84,1,0
43,33,628382,6,105,0,1
38,1,1217042,8,98,1,1
45,6,392899,7,8,0,1
63,41,1375289,2,5,0,0
19,55,242624,9,107,1,1
60,5,594970,4,151,0,0
18,59,1339139,12,236,1,1
68,18,1439720,12,26,0,1
53,49,1071457,13,118,0,1
68,65,157564,7,210,0,0
43,54,769462,1,99,1,0
46,61,232933,13,2,0,1
38,8,1454294,13,293,1,1
28,3,263754,6,16,0,1
57,25,703107,10,105,0,1
28,69,1394445,9,229,1,1
53,55,702260,9,176,0,1
66,40,1065624,6,83,0,1
56,50,479326,10,262,0,1
57,33,438837,11,195,0,1
52,18,819937,13,248,0,1
51,57,1470767,12,148,0,1
64,16,241263,7,205,1,1
41,38,287956,0,80,0,0
39,41,417055,7,188,1,1
22,7,963735,13,205,0,1
50,53,576663,0,268,0,0
53,63,1248906,2,289,0,1
64,32,274798,8,299,0,1
37,38,1183199,3,254,0,0
36,22,1402974,9,7,0,1
52,16,1363165,12,113,0,1
69,52,747377,8,4,0,1
60,29,1460720,0,72,0,0
34,16,1482214,7,120,1,1
62,17,573457,2,233,1,0
60,64,814355,10,65,1,1
51,13,1266793,6,229,0,0
26,56,1068574,1,30,1,0
43,5,452832,12,296,1,1
19,12,690512,6,50,0,1
26,41,649653,6,146,1,0
26,3,1178239,8,94,0,1
57,33,1082940,1,37,0,0
34,50,203376,7,197,0,1
18,56,609591,4,240,0,0
42,9,556427,9,172,0,1
60,50,241981,8,255,1,0
57,29,374857,7,40,0,1
59,39,243686,2,128,0,0
42,45,600841,2,53,0,0
56,17,984529,10,85,0,1
52,56,120734,11,211,1,1
20,46,1048213,9,268,0,1
67,67,1103632,7,295,0,1
54,69,506557,8,20,1,1
61,14,663723,1,214,0,0
61,67,1161552,2,188,1,0
68,23,707198,13,160,0,1
47,61,1095373,13,200,0,1
55,23,498506,7,28,1,1
51,27,754465,1,243,0,0
29,54,1068032,7,182,0,1
36,10,811759,4,31,1,0
54,16,1368770,5,266,0,1
61,41,420051,13,35,0,1
66,55,220992,9,92,1,1
34,61,968308,14,158,0,1
27,49,541939,11,179,0,1
66,52,345170,3,217,0,0
64,2,1073337,2,226,0,0
29,50,1359744,7,211,1,1
33,43,1434717,8,162,0,1
41,8,166876,14,157,0,1
36,59,1305661,12,109,1,1
25,65,1181438,14,54,1,1
48,12,1141332,7,213,0,1
38,4,538824,8,14,0,1
34,41,218849,0,152,1,0
40,7,1000492,4,19,0,1
54,69,1320542,11,51,0,1
33,69,281721,6,83,0,1
23,30,1210680,7,223,0,1
25,6,1356107,13,128,1,1
42,19,664109,10,15,1,1
35,66,279012,1,273,0,0
42,10,614618,11,76,1,1
29,16,582793,10,299,0,1
32,37,1161043,13,91,0,1
43,32,615907,3,269,1,0
58,47,1156267,6,51,0,1
62,43,539754,4,120,1,1
43,36,1304138,0,49,0,0
64,26,150650,12,272,0,1
49,10,340681,13,119,1,1
27,31,1151166,1,94,0,0
33,29,1057397,4,148,0,0
24,5,697684,5,288,0,0
34,1,491941,0,256,1,0
40,3,1055680,11,183,0,1
43,67,1216060,2,259,1,0
38,71,1250843,5,149,0,1
39,35,330069,5,204,0,0
24,15,1043799,6,171,1,1
31,67,1186707,9,221,0,1
32,30,1324541,11,167,0,1
24,43,1422644,13,243,1,1
26,60,504067,13,217,0,1
68,40,1322329,2,55,0,0
65,65,869855,0,62,1,0
25,29,1153869,12,102,1,1
67,19,1463923,6,166,0,1
40,3,605365,11,6,0,1
46,36,1031324,10,141,1,1
35,43,954259,2,124,0,0
48,15,1064667,4,89,0,0
47,41,1452690,3,215,0,0
69,36,1441516,11,122,0,1
56,33,199345,14,185,1,1
52,5,707415,0,152,0,0
35,14,863536,11,248,0,1
59,68,1414072,6,113,1,1
56,47,484287,13,95,1,1
34,54,576814,12,197,0,1
31,4,783532,3,2,0,1
48,9,766297,0,148,1,0
41,53,717945,10,110,1,1
52,60,993708,5,19,0,1
61,46,578564,3,202,0,0
62,54,304581,12,181,0,1
51,37,1041056,3,226,0,0
20,23,1031622,14,291,0,1
54,27,111290,1,75,1,0
60,70,911555,0,222,0,0
57,66,312991,2,35,0,0
43,61,1200712,9,299,0,1
40,51,1081390,4,89,0,1
61,50,217278,11,28,0,1
56,19,1304835,8,175,0,1
32,1,835048,13,219,0,1
66,40,488826,14,135,1,1
21,32,504220,6,174,1,1
46,22,469322,3,125,0,0
39,66,944032,7,170,1,1
42,40,1305163,11,265,0,1
30,38,610798,3,133,1,0
35,48,1239464,5,271,1,1
50,55,1397068,11,25,0,1
33,55,747899,0,276,1,0
62,51,678764,13,99,0,1
59,60,1048716,5,29,0,0
61,8,192154,9,132,0,1
19,68,1092201,4,138,1,0
52,9,1271113,13,190,0,1
59,2,314075,1,186,0,0
51,70,449269,0,139,0,0
47,59,1317278,12,236,0,1
30,19,1086110,5,296,1,1
30,28,865604,10,199,0,1
35,14,1484819,1,283,0,0
49,24,584006,8,79,0,1
49,44,509801,8,258,0,1
52,56,935672,0,100,0,0
56,51,901204,14,31,1,1
63,32,1355372,4,276,0,0
69,50,473134,7,120,0,1
46,41,212315,3,54,0,0
66,66,1107803,2,17,0,1
46,25,460197,4,120,1,1
61,61,768234,4,109,0,1
33,66,190341,7,60,0,1
61,42,1209472,5,263,0,1
64,65,132822,14,267,0,1
27,36,776110,1,296,0,0
47,9,988767,10,126,0,1
42,36,1059587,0,136,0,0
56,38,1266404,12,77,0,1
37,33,484910,2,206,1,0
22,42,1145449,1,183,1,0
18,61,232624,3,88,0,0
47,46,435475,2,228,1,0
66,61,236343,14,63,1,1
20,18,952083,14,54,0,1
62,70,988349,8,292,1,1
31,15,260066,14,280,0,1
47,48,1437906,4,278,1,1
67,13,1178843,3,187,0,1
21,43,1042439,9,190,0,1
35,60,918180,8,272,1,1
54,57,497053,3,94,0,1
42,71,1342342,5,89,0,1
65,17,502826,13,246,1,1
18,50,1177191,9,74,0,1
63,32,307716,0,61,1,0
32,22,990567,14,221,0,1
26,55,658350,12,266,0,1
32,57,279503,1,120,0,0
66,13,1221662,14,27,0,1
41,47,1438925,3,273,0,1
21,62,904891,8,22,0,1
29,54,342407,5,98,0,1
54,29,1041254,5,284,0,1
54,22,1389821,10,109,0,1
60,65,350967,8,202,0,1
23,29,1147941,11,105,0,1
56,48,925017,3,45,0,1
63,5,1232274,2,256,0,0
41,35,145635,6,143,0,1
28,71,275926,11,24,0,1
30,46,831586,14,61,0,1
51,35,653392,6,229,0,0
42,45,1099797,8,81,0,1
24,13,376914,14,210,0,1
69,10,359258,5,196,0,1
21,66,1015182,1,197,0,0
25,70,867993,5,161,0,1
37,25,1008677,14,207,1,1
46,44,1203754,7,43,0,1
68,60,981587,5,287,1,0
62,47,645116,8,278,0,1
63,40,903603,14,274,1,1
27,7,604879,3,220,0,1
60,46,623277,2,284,0,0
51,23,621827,10,145,0,1
43,46,359595,4,68,0,0
58,13,114202,2,139,0,1
66,21,557044,10,9,0,1
20,1,1235943,11,110,0,1
23,19,683334,1,36,0,0
22,60,1420569,1,80,0,1
22,33,552488,3,95,1,0
64,4,775799,2,54,0,1
40,3,441016,8,131,0,1
66,52,284348,13,222,0,1
26,28,498267,6,62,0,1
52,70,1066978,5,11,0,1
37,70,1224180,9,145,1,1
66,55,360408,11,263,0,1
59,57,1034471,7,31,0,1
52,16,1039277,8,48,1,1
67,24,982982,2,186,1,0
35,69,1350065,11,98,1,1
34,41,1189758,9,166,1,1
41,47,478954,6,212,0,1
20,69,294661,8,198,1,1
49,31,1090739,0,245,1,0
52,30,1172756,9,153,0,1
55,18,1199948,8,95,0,1
30,44,1252003,13,62,0,1
64,27,1432883,6,193,0,1
42,26,864298,9,271,0,1
26,60,818449,13,89,1,1
21,18,481760,3,271,0,0
31,56,326283,12,84,1,1
54,31,1390129,14,294,0,1
51,59,1181510,10,35,0,1
28,2,679883,11,17,1,1
58,39,337685,5,76,0,1
20,61,994737,10,48,1,1
45,63,1499982,10,235,0,1
46,18,855870,5,43,0,0
26,17,134018,5,108,1,1
20,39,1463878,14,128,0,1
42,71,357061,1,6,0,0
51,54,1442894,4,111,0,1
29,35,982373,6,212,1,1
59,11,1322279,5,65,1,1
26,61,1085191,2,30,0,0
32,44,770912,10,294,0,1
57,68,1052569,11,264,0,1
42,25,731820,4,296,1,0
22,48,921079,12,13,0,1
28,32,157940,7,57,0,1
51,4,1280268,10,241,0,1
41,38,777251,4,247,1,1
32,63,1255142,11,97,0,1
55,47,948827,9,161,0,1
25,1,1199531,2,246,0,0
22,3,394458,8,3,0,1
65,62,516716,10,260,0,1
43,64,1202261,2,44,0,0
35,17,748235,1,210,0,0
23,62,200229,5,243,0,0
54,35,936621,7,202,1,1
65,13,455698,5,202,0,1
30,35,1168143,0,26,0,0
45,43,1486809,7,117,1,1
22,2,764990,0,225,1,0
30,56,1452164,8,204,0,1
34,51,186184,7,246,0,0
67,54,1435541,5,48,0,1
57,16,638889,14,252,0,1
62,18,801264,1,77,1,0
49,7,1261458,12,256,0,1
46,45,443990,8,119,1,1
68,36,1461222,7,34,1,1
20,41,223409,12,142,0,1
57,42,122098,3,196,0,0
51,7,276974,1,259,0,0
57,15,1267078,12,83,1,1
44,60,1486236,13,191,0,1
30,40,1192856,14,21,0,1
62,37,895383,5,23,0,1
50,66,1156693,0,74,0,0
23,55,125979,6,133,0,1
41,56,567741,0,166,0,0
36,44,116915,14,109,0,1
33,57,421405,12,89,1,1
57,6,853020,5,36,0,1
45,32,743113,4,50,0,1
50,18,461046,11,59,0,1
65,68,1483684,9,71,1,1
58,7,1107921,13,127,0,1
30,8,563656,2,61,0,1
60,64,1446397,5,178,0,1
62,7,605071,3,27,0,0
42,41,1460550,13,239,0,1
59,40,1070040,11,231,0,1
53,3,633210,5,152,1,1
44,17,1245272,3,6,0,1
55,66,1216137,14,64,0,1
24,52,1423940,0,122,0,0
22,22,153380,4,35,1,0
60,4,495982,7,237,0,1
62,6,839378,5,72,1,0
68,38,526375,9,29,0,1
48,26,373079,8,226,0,1
40,11,365928,3,284,0,1
59,17,581802,9,4,0,1
27,31,775581,8,64,0,1
49,35,118069,7,234,1,0
60,16,1184258,2,114,1,0
47,18,1242879,13,245,0,1
56,62,473413,5,16,0,1
48,27,786592,3,36,0,1
35,35,1144013,0,218,0,0
53,45,930705,8,136,0,1
19,35,155210,3,245,0,1
31,28,435335,10,37,1,1
30,9,419117,13,250,1,1
46,15,1100508,4,52,0,1
29,21,1174159,2,202,0,0
56,52,773061,3,48,0,0
19,35,369024,12,121,0,1
49,51,189257,8,15,1,1
30,55,860872,14,268,1,1
63,44,847750,6,235,0,1
44,65,212024,7,120,0,0
66,25,1483137,2,138,0,1
58,47,628010,14,86,0,1
34,56,120077,2,129,0,0
57,38,1229444,14,251,0,1
48,11,1385176,13,274,0,1
51,67,1423949,6,46,0,0
41,15,435482,7,78,0,1
62,1,817039,13,297,0,1
52,7,504655,4,218,0,1
65,1,1151174,0,110,0,0
23,49,716585,2,226,0,0
36,29,112741,4,274,0,1
47,26,1217936,2,255,1,1
24,45,1447008,14,38,0,1
27,71,232321,13,134,0,1
58,12,254042,0,294,0,0
49,32,115565,6,97,0,1
51,20,1467715,0,33,0,0
45,51,839354,9,67,1,1
32,36,825840,12,190,0,1
47,67,330324,5,198,1,1
54,1,214794,5,47,1,0
46,27,733275,13,258,1,1
39,40,507228,6,212,0,1
21,14,1382644,11,161,0,1
37,69,419642,10,112,0,1
49,6,955208,0,136,0,0
53,33,223675,10,11,0,1
67,55,1210287,2,237,1,0
21,19,142530,11,283,1,1
44,29,310339,8,175,0,1
34,61,613207,1,224,0,0
29,70,511234,13,74,0,1
39,24,752524,4,134,0,1
34,23,1188952,2,81,0,1
27,10,997145,11,82,1,1
18,54,740416,11,141,1,1
39,41,820406,12,208,1,1
43,49,1338390,4,214,0,0
35,17,1487845,6,254,0,1
67,56,112437,0,187,1,0
31,45,162146,2,246,1,0
64,30,127618,10,254,1,1
46,44,1330415,12,161,0,1
29,55,109705,5,166,1,0
53,19,319288,6,77,0,1
52,29,967344,9,174,1,1
69,2,1462470,2,19,1,0
29,36,584172,3,95,0,1
24,19,152682,5,179,1,0
46,7,295785,4,94,0,1
28,26,1254470,10,70,1,1
50,38,287991,8,189,0,1
23,3,160384,12,131,0,1
64,66,1279088,11,138,0,1
32,71,937560,0,274,0,0
49,43,1169859,14,101,1,1
68,62,1387749,12,282,0,1
28,71,1391820,4,28,1,1
40,24,240251,10,17,1,1
43,39,980872,0,243,0,0
51,68,623743,7,174,0,0
63,44,1160531,6,88,0,1
51,5,500414,4,19,0,0
46,55,1455308,5,17,0,1
21,30,504982,3,37,1,0
34,29,1245202,8,88,1,1
52,26,956306,13,149,0,1
30,26,477261,2,203,1,0
58,37,1022805,1,232,0,0
56,53,507000,6,103,0,1
32,30,692247,12,110,1,1
46,3,1281221,1,224,0,0
46,43,1172995,12,220,1,1
28,7,837699,5,25,0,1
69,49,591986,10,63,0,1
49,41,148555,7,253,0,1
19,54,236248,2,248,0,0
64,69,1315809,2,223,0,0
31,27,818800,2,130,0,0
37,8,1270658,0,29,0,0
39,32,770524,8,274,1,1
28,64,570974,4,9,0,1
44,10,649667,8,88,0,1
20,13,1370837,4,146,0,1
34,63,1101056,6,126,0,1
61,35,380512,0,185,0,0
45,61,1319893,8,123,1,1
46,54,723194,0,106,0,0
38,8,980219,14,5,0,1
64,29,616596,3,50,0,0
33,41,656265,6,135,0,1
54,30,1410032,10,1,1,1
37,21,106714,14,17,1,1
23,11,206680,11,248,0,1
36,2,963669,8,184,0,1
22,50,676587,0,221,0,0
20,41,1001174,11,227,1,1
18,66,568668,13,193,0,1
55,3,1217022,12,209,1,1
32,51,1363438,10,298,0,1
51,68,161516,14,71,0,1
52,25,537466,12,116,0,1
66,30,1232097,5,263,0,0
42,11,515367,10,4,0,1
41,17,1012105,9,268,0,1
29,26,1323945,10,6,0,1
35,23,418339,14,20,1,1
32,56,970442,4,36,1,1
61,52,826376,2,172,1,0
33,48,1354627,9,61,0,1
44,20,285406,1,205,0,0
25,2,722762,0,100,0,0
63,31,692633,14,118,1,1
42,27,1306578,1,178,0,0
34,2,1207693,11,131,0,1
46,4,909527,12,74,0,1
25,13,1152567,3,289,0,1
32,35,123519,5,44,0,1
44,66,913089,11,143,0,1
63,6,887258,4,136,0,1
67,31,273697,13,207,0,1
69,10,523062,3,230,0,0
24,21,139566,7,271,0,0
20,23,259435,11,94,0,1
46,3,1022640,6,260,0,1
61,32,813297,13,126,0,1
41,20,641709,3,166,0,1
20,29,356080,9,17,1,1
37,52,1405806,12,147,0,1
63,46,178027,12,246,0,1
32,34,631834,4,129,0,1
42,61,433583,11,295,1,1
47,71,902838,9,265,0,1
31,70,492353,4,41,0,0
24,11,1420545,2,202,0,1
34,63,1089327,12,180,0,1
61,21,341569,8,180,0,1
37,3,1144583,10,295,0,1
53,10,396317,4,143,1,0
26,27,1410112,11,60,0,1
55,12,1466339,12,208,1,1
65,7,1493834,9,165,0,1
39,17,469215,1,299,0,0
19,65,396518,12,142,1,1
41,64,1079217,14,60,1,1
25,26,1475088,3,262,0,1
28,15,603166,11,123,0,1
30,33,896988,3,237,1,0
34,62,1027562,4,29,1,1
25,47,728842,7,254,1,1
38,35,331059,4,89,1,1
35,65,1193070,0,138,0,0
47,25,1042509,1,206,1,0
35,57,971103,14,92,0,1
63,32,582640,2,133,0,1
64,63,1181057,2,203,1,0
48,12,1176977,9,109,0,1
55,63,664719,5,37,0,1
49,1,426603,8,21,0,1
28,51,223311,9,224,1,1
62,70,1397058,0,167,0,0
42,8,834042,5,134,0,1
50,68,1113141,8,109,0,1
55,5,1094293,3,223,0,1
58,39,541720,9,167,1,1
25,23,496439,2,106,0,1
28,68,564193,12,23,0,1
39,52,339198,5,296,0,0
68,4,140149,5,210,0,0
41,47,989920,12,170,0,1
58,21,1309212,1,68,0,1
34,56,844984,14,221,0,1
29,66,1387267,4,152,0,1
63,59,1405704,0,280,1,0
49,7,451362,12,200,0,1
32,49,656420,8,218,0,1
33,16,1274848,8,103,0,1
39,17,759893,2,298,0,0
45,34,838322,4,229,1,0
37,33,442240,14,53,0,1
50,26,1409661,2,188,0,1
27,66,110633,6,221,1,1
57,63,1330183,12,74,0,1
49,41,1113165,14,171,0,1
67,58,890428,0,41,0,0
50,10,231086,14,156,0,1
19,15,1097935,4,80,0,0
50,42,888106,5,207,1,1
50,57,531083,13,85,0,1
58,17,681539,10,231,1,1
30,60,811069,11,176,1,1
47,9,482306,13,106,0,1
50,36,248936,6,138,0,0
30,36,1437041,2,101,1,0
69,48,1303730,6,29,0,1
43,51,1135238,3,193,0,1
39,70,1188707,9,243,1,1
56,68,302565,10,184,0,1
19,22,235282,13,292,0,1
55,6,1393728,5,246,0,1
56,26,875519,4,117,1,1
43,3,1082090,3,72,1,0
63,52,970037,5,68,0,1
67,60,659139,12,241,0,1
32,63,913297,11,151,0,1
51,65,970038,2,93,0,0
59,52,235230,2,270,0,0
61,14,221497,4,228,0,1
66,68,1468572,10,29,0,1
57,28,1460059,4,112,1,1
28,71,987518,8,147,0,1
20,10,907004,14,56,0,1
23,57,1324117,3,176,0,1
26,66,291933,4,55,0,0
23,50,942235,11,264,0,1
26,14,1476353,8,236,0,1
56,16,830379,3,277,0,0
48,54,167323,12,76,0,1
49,43,1116491,14,123,0,1
58,42,833210,14,27,0,1
67,22,1383829,2,141,0,0
29,68,1367766,6,157,0,1
25,19,1405651,6,166,0,1
25,66,349596,7,184,0,1
67,39,375212,3,11,1,0
45,19,279598,3,168,0,0
37,16,215729,13,105,0,1
64,54,176593,13,253,0,1
24,25,1203617,8,97,1,1
28,18,1383690,9,118,0,1
37,23,425516,6,225,0,1
33,11,978531,2,151,0,0
21,39,1121173,14,202,0,1
23,68,1286737,12,162,0,1
39,25,903055,8,296,1,1
43,63,936073,12,121,1,1
20,30,1422763,4,15,0,1
58,45,1215148,3,105,0,0
59,61,1081640,0,261,1,0
31,51,1235276,8,19,0,1
28,9,157061,5,243,1,0
35,2,1266533,10,243,0,1
29,5,892554,1,211,0,1
40,62,933778,12,223,0,1
29,69,1376970,6,261,1,0
30,52,1000425,2,219,1,0
42,5,509366,14,7,1,1
62,59,1236206,5,13,1,1
68,68,177228,7,129,0,1
36,9,374198,2,21,0,0
63,22,626055,12,224,0,1
53,27,104708,11,234,0,1
62,10,676446,11,198,1,1
25,61,1046796,4,133,1,0
46,51,128082,13,177,1,1
49,10,134024,5,43,0,1
68,6,1125951,0,7,0,0
61,62,385605,9,279,0,1
35,5,1153927,6,26,0,1
23,70,969060,3,50,0,0
35,63,204720,9,68,0,1
36,56,620751,10,280,1,1
39,59,226875,14,43,0,1
54,63,846572,6,174,1,1
49,59,768137,6,118,0,1
58,51,239380,10,268,1,1
20,50,737970,4,180,0,1
45,4,180865,7,52,0,1
27,48,113882,7,292,1,0
68,32,214883,4,190,0,0
52,51,1371234,4,193,0,0
46,52,274504,6,39,1,1
32,34,1360937,5,77,0,1
50,36,1097670,3,188,0,0
24,70,750222,1,94,0,0
29,43,824605,7,24,0,1
66,16,467209,2,102,0,0
47,59,611415,1,158,0,0
38,53,857939,11,207,1,1
48,19,1407245,14,93,0,1
41,41,1188106,9,38,1,1
37,47,239906,6,163,0,1
54,54,1469414,9,54,1,1
21,55,187193,5,71,1,0
45,19,281393,7,41,1,1
61,62,845723,12,131,0,1
37,59,1353357,13,20,0,1
41,65,378829,5,0,0,1
67,68,216254,6,165,0,0
66,28,766716,1,59,0,1
68,18,1451304,9,75,1,1
49,26,1331010,13,90,1,1
58,19,635632,1,206,0,0
53,55,144619,5,87,0,0
51,57,598750,8,81,1,1
53,6,574547,13,16,0,1
19,1,326351,2,209,0,0
32,8,1281591,10,52,1,1
51,51,1369833,9,127,0,1
53,25,815577,13,145,1,1
23,47,212319,13,247,1,1
56,55,894780,12,0,0,1
59,64,1356934,7,40,0,1
68,10,771999,14,72,1,1
68,56,1233606,4,159,0,1
29,12,557782,12,211,0,1
20,33,797371,5,295,0,1
62,71,869937,5,138,0,1
35,17,1382984,10,42,1,1
57,61,1134609,11,178,0,1
38,10,905072,9,188,0,1
32,31,1183978,10,245,1,1
50,60,1213664,12,297,0,1
52,70,495107,2,153,0,1
43,17,259331,10,103,1,1
25,50,556237,10,10,0,1
53,37,1308635,4,24,1,1
65,62,1332264,11,295,0,1
47,29,1290331,0,24,0,0
40,32,554299,1,83,0,0
59,11,701952,9,105,1,1
61,6,1057698,14,240,0,1
31,35,724562,2,118,0,1
31,33,324903,3,107,0,1
19,18,949093,12,179,0,1
54,37,712026,8,130,0,1
22,13,1351955,0,294,0,0
55,64,929884,2,90,1,0
62,1,524517,2,240,1,0
58,63,942332,12,246,0,1
64,34,1235499,14,167,0,1
31,10,503048,12,222,0,1
56,7,288944,5,277,1,1
42,56,1096463,4,189,0,1
37,37,641090,2,18,0,0
19,29,378477,3,13,0,0
56,12,1445840,10,242,1,1
23,17,777519,6,108,0,1
34,48,517876,2,189,1,0
42,26,681131,8,217,0,1
45,12,1314167,7,298,0,1
19,21,456477,12,235,0,1
52,42,1193511,1,167,1,0
54,61,122507,4,267,0,1
22,58,302132,13,192,0,1
18,54,446415,3,241,0,0
57,34,258747,11,161,0,1
29,7,475631,12,278,0,1
53,35,1258195,4,134,0,1
62,15,928035,2,192,0,0
40,65,578041,9,88,0,1
64,25,524446,14,41,0,1
48,59,865923,10,92,0,1
28,6,678109,0,214,0,0
27,52,397834,7,0,0,1
20,21,630942,8,163,0,1
31,71,560773,7,105,1,1
33,32,736547,3,231,0,0
27,53,840904,11,45,0,1
46,59,1498984,1,204,1,0
27,69,913878,3,20,0,0
29,62,668366,13,176,1,1
47,4,623259,8,166,0,1
58,18,486242,9,293,0,1
18,56,174745,8,264,0,0
22,24,1389844,4,275,1,1
37,66,1325135,4,7,0,1
25,13,111721,9,269,1,1
60,62,208878,2,211,0,0
29,54,663725,13,162,1,1
18,15,250061,14,44,0,1
37,69,1143471,5,232,0,0
45,3,966269,6,52,1,1
60,37,487581,11,232,1,1
54,37,1090544,14,170,0,1
64,3,464258,9,5,0,1
54,63,1482336,13,43,0,1
29,35,238480,14,90,0,1
54,52,1021657,11,195,1,1
66,28,487031,8,3,0,1
66,18,906192,6,120,0,1
61,36,845089,2,62,1,0
45,33,1215149,11,91,0,1
64,64,292888,12,246,0,1
32,26,1437586,6,218,0,1
23,48,887424,12,230,1,1
61,40,910128,0,293,0,0
37,17,333886,1,187,0,0
67,40,1222117,3,167,1,0
31,7,1201414,6,263,0,1
19,57,444421,14,104,0,1
26,8,379709,8,223,0,1
54,56,1188161,14,114,1,1
37,31,1052337,4,234,1,0
43,59,898526,14,271,0,1
46,58,262352,7,273,0,1
18,12,799738,6,229,0,1
52,48,1037017,4,216,0,1
23,31,1017658,12,33,1,1
54,63,886260,2,196,0,0
22,39,371718,2,213,0,0
50,20,1183759,12,45,0,1
66,48,1477326,5,239,0,1
68,71,249710,9,253,0,1
31,54,157194,10,227,1,1
29,71,126082,3,220,0,1
59,29,771666,2,165,0,1
37,48,994803,3,72,0,0
67,56,1276475,2,224,0,0
41,17,369951,12,85,1,1
60,9,1330990,14,80,0,1
51,34,1180719,11,214,0,1
42,45,221952,14,163,0,1
67,9,1469134,14,239,1,1
46,7,911147,9,68,1,1
56,16,112202,10,136,0,1
48,19,652275,10,151,1,1
64,6,266812,12,96,0,1
60,11,871562,11,157,0,1
67,61,1225424,5,185,1,0
40,42,1333519,12,167,0,1
61,13,357476,6,243,1,1
55,12,330721,3,118,0,1
37,20,325366,2,195,0,0
40,50,675357,2,287,0,0
62,36,1188985,10,64,1,1
69,69,358329,2,161,0,0
33,37,456166,8,84,0,1
67,12,573851,10,58,1,1
59,40,211689,10,281,0,1
25,54,206948,13,149,0,1
67,2,816846,13,120,0,1
38,50,642750,11,268,0,1
18,41,189299,14,254,1,1
25,45,994186,2,223,1,0
46,9,444417,2,54,0,1
49,62,1128400,7,135,1,1
55,47,613622,3,189,0,0
22,5,1490117,6,252,0,1
64,1,1322171,2,83,0,0
39,44,785644,7,176,1,1
64,22,557212,2,93,0,0
51,38,1476967,4,34,0,0
18,19,375850,0,211,1,0
43,31,635212,11,125,0,1
60,67,640209,4,229,1,0
27,42,518648,5,167,1,1
47,26,642101,6,13,0,1
67,13,995420,1,73,1,0
35,58,1012510,1,51,1,0
34,18,757428,13,206,0,1
43,67,991580,8,295,1,1
25,3,654827,14,42,0,1
64,55,373827,14,2,0,1
57,58,223031,9,94,0,1
66,63,447295,0,237,1,0
29,52,1315322,1,166,0,0
44,24,676991,1,18,0,1
25,9,448255,14,206,1,1
42,37,840703,12,229,0,1
63,53,972409,14,213,0,1
21,24,961316,9,55,0,1
50,21,688175,6,131,0,1
18,40,803626,5,8,0,1
36,62,1466261,8,230,0,1
48,70,1156458,10,152,0,1
33,69,1219401,14,283,0,1
31,14,294145,6,189,0,1
65,42,267248,2,15,0,0
22,50,1231657,2,202,0,0
58,61,261361,0,173,1,0
43,4,1129767,7,167,0,1
45,17,209337,0,33,0,0
19,57,1163938,10,228,0,1
67,48,580826,13,0,0,1
23,44,1113875,1,114,1,0
26,45,375927,10,213,0,1
50,33,275234,11,253,0,1
58,31,1053253,6,144,0,1
42,47,861729,0,46,0,0
65,6,1128387,11,279,0,1
30,71,1429493,3,177,0,0
26,34,566910,8,212,0,1
30,53,1137921,7,284,0,1
48,14,277367,14,244,0,1
58,16,785691,10,252,0,1
28,43,407784,13,205,1,1
21,12,558093,12,71,0,1
51,70,933401,7,221,0,0
55,19,929418,11,214,0,1
63,41,726305,2,140,1,0
21,53,478324,4,155,1,0
55,29,631873,14,221,0,1
36,70,104122,3,230,0,0
23,59,1165414,10,141,1,1
51,64,772661,11,74,0,1
35,24,385251,7,39,1,1
30,16,989110,10,272,0,1
58,52,810571,6,69,0,1
40,6,641632,13,110,1,1
36,37,419346,6,233,1,0
62,4,901391,9,196,0,1
28,38,1130350,9,198,1,1
18,41,495085,6,23,1,1
41,14,930696,0,146,0,0
24,71,1293198,12,61,0,1
42,51,761062,14,66,0,1
38,65,702851,6,29,1,1
32,52,472308,3,106,0,0
18,30,1079249,11,165,0,1
29,57,329351,2,120,0,0
24,30,1435179,12,10,0,1
32,42,943214,11,71,0,1
38,11,237104,12,252,0,1
36,27,101825,14,284,1,1
46,24,750475,4,118,0,1
42,39,570306,1,7,0,0
50,18,541317,7,214,0,1
66,45,636758,11,220,0,1
49,12,365914,11,79,0,1
66,49,1306916,8,71,0,1
52,31,371102,4,199,0,0
61,22,475950,2,172,0,1
55,44,895238,9,288,0,1
43,64,1442882,6,233,0,1
28,25,961164,0,260,1,0
52,51,1314537,9,144,0,1
25,7,651990,2,21,1,1
63,6,528993,8,77,1,1
31,24,1435319,1,229,0,0
27,19,398971,10,159,1,1
19,9,701109,13,13,0,1
63,36,720971,8,235,0,1
26,40,1112767,10,147,1,1
20,24,1359858,0,149,0,0
38,48,970322,3,29,0,1
43,63,1109154,11,160,1,1
25,69,909471,9,260,0,1
65,53,1012453,12,17,0,1
19,54,1062433,5,62,0,1
23,42,1192460,14,134,0,1
45,45,1231738,12,156,0,1
46,14,837992,6,56,1,1
43,29,524524,14,264,1,1
42,6,506270,14,253,0,1
29,7,1228182,2,186,0,0
22,37,126250,8,198,1,1
51,53,439535,3,170,0,1
65,18,401065,4,5,0,1
54,38,1222939,7,255,0,1
32,59,256857,14,247,0,1
61,1,1336513,11,218,0,1
53,68,721688,14,3,0,1
32,44,196847,13,0,0,1
60,47,893293,2,30,0,0
65,35,1031483,7,116,0,1
40,60,1261625,13,274,0,1
23,52,624645,13,196,0,1
63,8,359718,10,176,0,1
67,41,1001036,0,286,1,0
61,3,1457921,7,235,0,1
60,69,285326,13,78,0,1
62,14,1492880,12,242,0,1
38,26,647526,14,204,0,1
40,70,544194,10,210,0,1
60,58,709766,10,90,0,1
33,40,693684,14,165,1,1
64,51,341819,11,160,0,1
32,5,906955,9,5,1,1
42,32,1066793,7,140,0,1
53,1,349494,5,204,1,0
28,54,1284497,4,19,0,1
68,11,255790,8,99,1,1
32,53,1090506,5,164,0,0
21,8,1471697,14,44,0,1
38,25,974757,0,226,1,0
30,40,603869,11,51,0,1
39,32,261334,5,145,1,1
36,28,321043,0,280,0,0
51,3,1183363,5,122,0,1
31,62,1426409,2,206,0,0
21,27,1319508,5,296,0,1
65,45,1003969,12,101,0,1
69,25,936776,5,273,0,0
63,61,602025,0,128,0,0
44,44,1478611,12,166,0,1
46,46,282730,8,201,1,1
64,14,197464,7,101,0,1
45,8,952301,14,70,0,1
52,48,528546,14,7,0,1
25,14,180312,1,161,1,0
33,65,658851,1,72,0,0
59,7,1032774,4,26,0,1
53,49,460701,14,168,0,1
47,55,496873,9,262,1,1
35,13,470063,1,287,0,0
19,56,561989,10,72,0,1
66,56,245271,0,208,0,0
30,15,741142,1,98,0,0
21,57,604803,4,30,0,0
43,58,1394805,10,32,0,1
42,35,1227893,14,212,0,1
47,16,1425840,9,144,0,1
28,8,1336460,13,98,1,1
24,45,714113,6,179,0,1
48,40,892415,4,134,0,1
61,54,1408147,0,189,0,0
27,14,428773,6,29,1,1
56,59,1218901,5,81,0,0
30,53,934311,6,56,1,1
48,27,777233,1,173,0,0
24,47,1162908,4,207,0,1
66,6,771924,13,182,0,1
59,55,1256292,7,234,1,1
59,44,513742,12,106,1,1
53,18,820841,11,185,1,1
37,16,973081,6,265,1,1
21,12,121643,5,131,0,0
24,20,163128,12,170,0,1
18,45,666811,5,297,0,1
61,64,566606,11,23,1,1
62,59,1201360,0,260,0,0
59,22,974325,0,195,0,0
64,47,946133,6,98,0,1
30,29,1122225,2,100,1,1
39,45,1257578,5,119,1,0
38,9,784764,11,202,0,1
39,24,117401,4,89,1,0
45,15,988390,2,194,0,0
26,36,344373,5,176,0,0
43,13,1260622,2,114,1,1
26,44,1124757,7,31,0,1
32,71,1422691,13,214,0,1
27,36,606911,14,278,0,1
41,61,450162,6,242,0,0
59,40,354572,8,285,0,1
25,27,1103008,4,69,0,1
41,1,640853,11,70,1,1
33,34,631117,14,110,1,1
66,68,1405256,0,157,0,0
43,21,1224599,10,36,0,1
44,33,1115665,9,34,1,1
54,7,1125799,14,58,0,1
21,65,181823,10,206,0,1
67,3,663229,7,65,0,1
41,51,875469,1,261,1,0
36,54,797819,5,269,0,0
53,59,997971,0,232,1,0
56,6,572415,5,156,0,1
27,29,633464,3,105,0,0
42,17,357505,4,153,0,1
35,60,937948,14,17,0,1
36,22,770432,9,259,0,1
53,24,249671,6,118,0,1
27,51,1230621,12,101,0,1
50,50,266460,5,24,1,0
67,11,481047,0,179,0,0
22,56,674891,8,161,0,1
64,71,1485456,5,214,0,0
66,42,387933,5,123,0,1
52,39,832792,8,291,1,1
61,69,580683,11,155,0,1
51,48,975055,9,192,0,1
50,57,582505,4,52,1,0
38,21,1444184,10,169,0,1
34,20,1347454,14,97,0,1
39,15,1109131,5,146,1,1
65,69,928426,5,299,0,1
54,51,1361244,6,29,0,1
32,62,1387679,8,73,0,1
52,37,469453,4,171,0,1
45,6,1271765,4,83,1,1
24,71,191123,3,72,1,0
49,26,807923,9,231,1,1
28,8,835712,3,289,0,0
27,4,1366488,11,126,1,1
26,21,1439106,7,84,0,1
31,31,690940,12,253,0,1
30,21,984555,1,151,1,0
42,25,1428260,9,6,0,1
19,15,1060930,7,135,0,1
52,35,236659,1,183,0,0
24,49,576964,14,226,1,1
38,43,836699,0,243,0,0
35,41,1238368,9,263,0,1
20,37,935471,12,250,1,1
59,57,1154664,14,169,0,1
56,42,462793,8,53,0,1
58,47,142044,10,131,1,1
66,61,816748,7,93,0,1
28,14,1290191,5,45,0,1
56,68,1151581,3,98,0,0
41,53,1447923,1,233,0,0
63,34,378364,7,268,1,1
36,24,1257567,2,36,0,0
21,20,132696,9,74,1,1
43,69,835043,3,57,0,0
55,30,670669,4,18,0,0
59,7,231148,12,187,0,1
49,36,466200,3,138,0,0
56,38,1298594,10,142,0,1
62,52,576708,7,107,0,1
63,15,1320368,8,220,1,1
53,46,456817,13,144,0,1
57,23,614513,13,4,0,1
54,12,374006,13,55,0,1
50,44,725703,0,254,0,0
53,15,168273,1,221,0,0
20,49,469992,11,47,0,1
26,21,170185,3,162,0,1
25,15,807649,0,235,1,0
50,14,482968,10,247,0,1
23,42,107799,5,99,0,1
58,15,884492,14,20,0,1
56,63,931579,11,101,0,1
21,68,747987,4,4,1,0
30,27,649435,12,196,0,1
66,53,1487357,6,148,1,1
19,52,1121167,11,210,0,1
22,63,120914,5,159,0,0
61,53,950131,13,145,1,1
44,57,371759,13,57,1,1
49,52,1199361,2,239,0,1
38,43,450733,4,78,1,1
25,7,331129,2,151,0,1
55,42,1489737,8,4,0,1
25,4,1457618,1,180,0,0
67,69,995850,5,200,1,1
20,5,1466225,8,132,0,1
61,41,1224607,9,121,1,1
20,4,1240394,6,168,0,1
39,2,485096,4,97,0,0
23,67,624434,1,281,0,0
19,21,862430,1,267,0,0
40,70,1051449,3,18,0,1
61,43,1258398,9,131,0,1
19,69,1381374,11,95,1,1
55,9,1151170,1,209,1,0
34,28,288727,11,4,0,1
52,26,313756,12,127,0,1
51,3,746812,12,53,0,1
40,49,782931,7,197,0,1
47,17,602912,9,205,0,1
69,63,948229,6,179,0,1
25,55,668225,6,240,1,1
39,23,841898,2,273,0,0
61,34,422195,6,137,1,0
53,69,561118,7,22,1,1
22,15,1488623,4,119,0,1
30,47,701278,0,114,1,0
46,3,1479671,14,81,0,1
48,28,721597,0,195,1,0
64,3,1355416,11,179,0,1
33,4,1308687,10,174,0,1
59,31,1140100,13,197,0,1
47,45,137459,3,25,0,0
33,59,1287317,1,98,0,0
29,45,320821,6,232,0,0
34,37,839176,12,190,0,1
33,65,184985,2,65,0,0
29,9,790876,11,245,0,1
25,17,1368260,3,103,0,0
37,65,622522,8,190,0,1
20,3,299269,1,140,0,0
33,26,348738,11,178,1,1
47,53,1236871,7,260,0,1
62,31,410085,0,174,0,0
40,26,1142207,2,163,0,0
45,23,734191,3,18,1,1
68,30,925307,13,19,1,1
57,10,196500,5,286,0,0
22,64,423970,0,238,0,0
37,22,1311056,13,43,0,1
57,15,1273204,7,195,0,1
61,56,843781,1,194,0,0
18,20,703133,4,48,1,0
47,47,770493,5,58,0,1
38,53,1353394,7,131,0,1
37,53,791486,2,166,1,0
23,1,133043,11,134,0,1
39,2,497294,8,88,1,1
35,58,1202482,11,270,1,1
25,19,1440070,4,262,0,0
56,62,1415418,7,115,0,1
49,12,230119,3,195,1,0
50,26,1050636,11,107,1,1
33,27,110165,8,46,0,1
29,29,1280442,7,240,0,1
55,15,1023374,4,229,1,1
69,46,1441456,2,244,1,0
51,1,1382265,0,249,0,0
31,60,944516,14,76,0,1
53,57,1164787,4,61,0,0
50,3,186665,4,58,0,0
40,18,1077042,3,237,0,0
67,52,762737,9,188,0,1
62,60,764221,9,55,0,1
19,34,1489208,7,77,0,1
58,60,1306601,2,221,0,0
38,26,490014,11,46,0,1
19,19,118277,9,137,0,1
44,22,1106943,8,23,1,1
26,33,617282,2,28,0,0
18,38,1492966,3,134,0,1
28,35,914234,5,280,1,1
20,67,1081001,8,291,0,1
69,10,577536,9,188,0,1
40,15,484938,1,70,0,0
43,11,1349462,1,205,0,1
21,24,546918,1,241,0,0
35,4,359717,4,183,0,1
23,13,1046181,5,127,0,0
52,57,762860,2,229,0,0
39,37,1152591,2,40,0,1
60,48,580588,1,280,0,0
32,71,1136498,10,161,0,1
39,1,1124050,5,157,1,1
54,60,420956,0,20,0,0
69,12,109201,8,9,1,1
59,21,119941,14,86,1,1
29,11,967073,10,32,0,1
64,44,1206994,9,202,1,1
66,58,403685,3,3,1,0
59,44,543155,13,22,1,1
55,34,1218998,1,196,0,0
35,25,480213,12,273,1,1
62,4,1303598,11,272,0,1
52,64,745253,5,106,1,0
47,16,823163,4,199,0,1
41,10,251714,2,214,1,0
59,66,141607,12,1,0,1
47,35,474261,2,120,1,0
31,6,445009,4,102,1,0
23,19,167583,3,148,0,0
20,59,1485620,4,151,0,1
33,53,1085926,1,52,0,0
24,8,901593,10,165,1,1
69,10,1010044,0,166,1,0
31,67,127663,4,294,0,1
26,38,840741,10,70,1,1
32,29,858707,0,127,0,0
38,15,1311649,2,32,0,0
52,23,1288977,7,156,0,1
19,46,939537,14,265,0,1
44,28,949868,10,203,0,1
19,26,1279281,7,194,1,1
52,10,354928,8,108,0,1
35,47,716923,0,158,1,0
31,4,376386,3,282,0,0
37,55,198901,5,26,1,1
35,66,255812,6,226,1,0
27,67,1179552,4,251,0,0
42,7,1319715,12,264,0,1
19,55,1159807,6,261,1,0
42,31,1282976,10,133,0,1
50,19,1394476,14,25,0,1
53,28,125261,9,42,0,1
48,28,1435982,7,18,1,1
31,19,262814,9,15,1,1
18,20,1152166,5,104,1,1
63,13,478870,10,278,1,1
33,43,1329874,3,202,0,0
63,11,711830,0,207,1,0
69,48,113570,10,165,0,1
20,15,331601,4,58,0,1
52,17,850489,9,47,0,1
58,54,1106947,9,147,0,1
23,50,1125689,9,276,1,1
42,28,488034,3,177,0,0
30,4,1099787,4,288,0,0
51,22,506582,3,113,0,0
25,39,1403595,8,295,0,1
38,34,962800,2,217,0,1
51,44,1045829,2,265,1,0
21,42,909281,14,161,0,1
42,40,1047682,9,35,1,1
32,12,837897,6,74,0,1
21,2,1399773,1,134,0,0
62,28,1274602,8,271,0,1
29,67,1330782,7,178,0,1
49,71,744686,11,158,0,1
49,10,1476449,13,242,0,1
45,57,1156740,5,203,0,1
30,37,637639,13,282,0,1
48,64,696364,12,277,0,1
31,40,931594,8,142,0,1
37,60,1442480,10,7,1,1
35,48,847424,2,115,0,0
46,19,1237650,3,271,0,1
23,33,540844,6,175,1,1
49,44,271811,0,213,1,0
46,37,1178314,12,214,0,1
60,36,1397009,0,56,0,1
19,21,409065,0,228,0,0
40,2,1434301,11,299,0,1
36,31,195672,7,36,0,1
48,30,121485,12,283,0,1
68,44,1372349,5,223,0,0
22,12,668257,2,200,0,1
36,51,624381,9,99,0,1
51,49,128370,6,281,0,1
27,24,1392283,5,74,0,1
42,24,348706,4,211,0,1
19,60,902904,2,190,0,0
28,11,867905,13,62,0,1
67,13,118934,3,111,1,0
48,64,843417,14,142,1,1
32,20,1449845,12,98,0,1
26,71,925535,12,264,0,1
40,28,291157,10,224,0,1
36,2,975137,10,74,0,1
26,43,1467263,0,277,1,0
52,8,772298,8,197,0,1
38,13,1488212,4,183,1,1
26,35,544802,1,292,0,0
45,23,1468744,11,56,0,1
63,46,795047,10,248,0,1
68,15,1088633,8,113,0,1
24,2,1436927,11,139,1,1
33,61,673642,6,40,1,1
33,64,860817,13,152,0,1
50,52,792670,13,231,0,1
21,36,673248,7,104,0,1
21,67,947694,12,105,0,1
56,69,357091,2,299,0,0
57,67,768763,13,129,0,1
34,47,768425,6,160,1,1
54,2,321002,10,256,1,1
56,44,257873,0,228,0,0
69,64,1256758,5,181,0,1
46,28,392112,9,13,1,1
69,54,350714,5,99,1,1
53,67,1050159,10,224,0,1
55,36,1110127,9,230,1,1
56,63,1402631,11,52,1,1
67,25,818131,5,5,0,1
54,48,1143822,2,89,1,0
69,39,670272,5,63,0,1
52,47,766409,13,87,1,1
24,21,958753,2,32,0,1
44,30,862662,9,71,0,1
45,31,746142,8,43,0,1
39,26,577210,6,252,0,1
31,22,190638,13,106,1,1
24,21,907864,12,289,0,1
54,1,1214472,3,1,0,0
39,37,301207,2,135,1,0
22,46,536152,5,116,0,1
19,9,729323,14,120,1,1
44,17,593597,8,287,1,1
38,47,375894,2,93,0,0
55,59,281613,7,6,0,1
32,54,1400307,5,87,0,0
38,12,1152090,3,181,0,1
27,64,987655,4,190,0,1
40,6,1115005,2,207,0,0
56,53,159207,13,290,0,1
22,16,116385,1,277,0,0
18,5,249389,8,51,1,1
30,46,1017897,12,266,0,1
38,14,1173457,2,243,0,0
43,44,1378481,5,181,1,0
67,63,158308,4,210,0,1
62,52,472659,9,197,1,1
38,26,1337662,10,269,0,1
35,53,353267,7,32,0,1
54,29,820790,4,101,1,1
62,19,958463,10,281,1,1
49,47,1497693,7,236,0,1
53,8,1208172,10,215,0,1
34,23,1019217,4,126,1,1
52,35,644716,10,93,1,1
66,53,162160,9,73,0,1
28,58,350894,12,127,0,1
38,5,442873,5,73,1,0
69,16,160843,14,255,0,1
43,17,516219,4,101,1,1
21,32,1490889,1,46,0,1
51,52,535293,9,164,0,1
69,20,172981,9,255,0,1
65,66,827498,5,282,0,1
35,1,427717,13,247,1,1
57,58,863488,6,203,0,1
52,44,259941,14,85,1,1
58,6,333151,2,163,1,0
46,50,1109670,2,56,0,1
69,20,579221,11,205,0,1
46,14,1377483,6,147,0,1
55,5,1274859,14,278,0,1
59,41,387238,10,289,0,1
38,40,634843,9,20,0,1
59,34,170656,3,136,0,0
30,45,1014493,14,9,0,1
66,71,483576,1,44,1,0
58,71,497931,8,248,0,1
34,27,1444882,14,29,0,1
26,44,1249749,13,224,1,1
58,33,460002,12,176,1,1
18,33,201980,8,95,0,1
19,44,662746,5,16,0,0
65,20,1252698,13,27,1,1
46,36,722826,1,125,0,0
50,7,1020644,2,272,1,0
27,32,1140391,4,186,0,1
67,67,1144941,10,141,0,1
57,39,248455,10,137,1,1
38,24,599845,14,228,0,1
45,70,550615,4,213,0,0
28,54,449152,12,273,0,1
51,38,252935,8,290,1,1
25,32,1089130,9,57,1,1
39,45,897809,2,17,1,1
25,61,969463,1,179,0,0
66,70,622377,9,157,0,1
32,53,1294518,7,255,1,1
34,51,419631,6,36,0,1
40,56,774660,11,295,0,1
41,27,691927,8,261,0,1
62,38,1409213,2,78,1,0
36,62,536196,5,153,0,0
22,18,1387552,4,157,0,1
49,64,1311698,4,74,1,1
61,30,758281,9,54,0,1
18,49,1480990,7,205,0,1
40,41,1496013,0,214,1,0
54,13,1078324,0,8,0,0
25,34,385282,2,105,0,0
30,25,312645,10,244,0,1
25,66,895460,1,102,0,0
40,18,1454539,1,274,0,1
60,5,1499347,1,32,0,0
18,19,358312,3,107,0,1
62,42,312194,0,268,0,0
68,18,891744,9,72,1,1
41,32,650261,14,180,1,1
52,21,1072809,8,267,1,1
41,10,1308621,13,151,0,1
34,37,1455110,4,67,0,1
22,49,884313,4,196,1,0
37,13,412100,8,294,0,1
38,55,461523,13,31,1,1
57,17,1424783,4,107,0,1
48,9,456450,12,78,0,1
63,44,717484,12,258,0,1
53,46,575135,10,174,0,1
28,8,633893,13,14,0,1
69,37,720473,7,50,0,1
32,19,1251332,10,106,0,1
36,63,1264927,0,209,1,0
24,46,853455,0,201,0,0
68,71,881215,3,276,1,0
45,26,865962,7,217,0,1
68,46,308976,2,40,0,0
60,46,1483684,0,258,1,0
22,14,282277,10,202,1,1
22,63,1495168,11,98,0,1
47,3,563069,8,148,0,1
49,28,1238473,8,104,0,1
25,29,652016,8,202,0,1
27,18,224826,8,94,1,1
55,35,157858,1,176,0,0
64,47,280161,13,64,0,1
49,5,851964,13,40,0,1
65,59,885968,10,223,0,1
45,59,839617,10,66,0,1
34,47,1046468,10,254,0,1
48,13,852425,3,297,0,0
25,33,439136,14,68,0,1
57,62,985691,1,170,1,0
42,16,478329,6,100,0,1
26,44,1363097,10,139,1,1
19,58,348422,2,205,0,0
32,6,721965,8,72,0,1
67,15,585741,6,59,1,1
20,4,1138625,7,155,0,1
66,56,1099168,8,123,1,1
53,64,1328084,7,13,1,1
21,68,664501,6,263,0,1
31,34,890716,14,26,1,1
58,56,379729,8,244,0,1
58,32,981563,10,49,0,1
42,9,369275,0,186,1,0
67,63,667670,10,56,0,1
27,33,1109237,14,258,1,1
38,21,1051031,3,154,0,1
53,55,1367141,3,33,0,0
29,57,1310584,4,25,0,1
44,2,187081,7,249,0,1
57,13,1202017,9,85,0,1
19,4,547814,0,159,0,0
30,50,636939,5,199,0,1
49,48,385151,8,105,1,1
48,30,852304,9,274,0,1
33,29,1355378,7,288,0,1
49,8,387179,14,257,0,1
49,12,975784,1,219,0,0
51,41,581818,6,14,0,1
28,26,701037,4,20,0,1
27,50,476193,1,58,0,0
32,2,974580,10,81,0,1
34,55,646499,0,117,0,0
57,56,1175442,1,112,1,0
35,14,1385588,10,294,1,1
26,6,1155920,9,275,0,1
42,61,955169,5,256,0,1
57,12,432432,10,264,0,1
31,13,1256455,11,234,1,1
42,19,1066163,7,50,1,1
67,44,521501,2,165,0,1
39,59,795649,4,230,0,0
69,37,1105983,14,220,1,1
47,25,1428727,10,270,0,1
37,16,1435977,1,83,1,0
38,38,1178360,11,229,0,1
61,43,1192797,7,296,1,1
49,14,1153272,3,221,1,0
68,6,455675,10,153,0,1
63,23,134635,9,53,0,1
66,60,420687,11,118,1,1
38,12,836619,5,197,1,0
52,13,111817,2,272,0,0
49,6,620674,10,197,0,1
47,63,417402,14,127,1,1
56,38,1342230,7,91,0,1
66,50,222475,7,8,0,1
29,52,323378,2,226,1,0
58,40,689487,11,45,0,1
64,8,951380,8,133,1,1
35,61,1206358,9,15,1,1
38,8,1229335,12,214,1,1
30,34,304635,4,111,0,1
38,60,116291,9,156,1,1
25,57,995377,8,295,0,1
63,46,322047,6,197,0,1
57,22,711345,14,57,0,1
63,40,973586,14,77,0,1
24,45,1243111,14,241,0,1
40,55,526208,9,98,1,1
61,51,600269,2,5,1,0
49,5,532566,5,278,1,0
28,13,888005,9,211,1,1
39,28,884077,1,272,0,0
39,62,108577,5,83,0,0
60,24,654236,11,111,0,1
42,7,860427,4,197,0,1
39,38,177700,12,27,0,1
45,37,367361,2,140,0,0
46,68,946610,13,172,0,1
30,42,971494,14,19,0,1
35,5,1306057,6,116,0,1
19,64,280112,10,53,0,1
46,50,1095774,3,226,0,1
38,15,1258233,10,108,0,1
32,53,1096570,13,230,0,1
69,25,309002,5,228,0,0
44,9,717363,8,298,0,1
67,38,502885,11,86,0,1
48,22,814335,13,273,0,1
32,49,1046066,5,227,0,1
68,68,614591,3,70,0,1
40,15,977714,14,227,0,1
41,65,1341111,9,112,0,1
61,54,408151,14,292,1,1
30,30,730903,1,290,0,0
39,20,103857,8,104,0,1
60,33,290091,14,290,0,1
54,7,1141399,13,8,1,1
50,8,1368655,3,164,1,0
20,28,374879,3,59,0,0
36,45,789871,1,105,1,0
40,11,1479872,14,110,0,1
46,31,1491639,4,88,1,0
47,12,391900,12,267,0,1
56,51,759254,5,229,0,1
61,44,466675,9,70,0,1
64,50,1322880,5,118,1,1
42,17,153214,2,102,1,0
54,35,1123655,11,201,0,1
64,1,694105,14,22,0,1
25,29,688150,14,89,0,1
59,51,845543,13,92,1,1
33,64,882409,8,263,0,1
25,4,884256,6,284,0,1
18,28,593663,12,170,0,1
61,16,390477,13,220,0,1
22,63,1102299,2,23,0,0
20,53,139288,3,201,0,0
18,17,965020,6,123,0,1
21,40,740072,10,141,0,1
57,13,276339,7,51,0,1
52,52,394319,5,69,1,1
49,58,443802,3,259,0,0
59,37,471879,11,185,1,1
51,61,958886,1,206,0,0
60,34,458117,9,292,0,1
42,70,820658,7,38,1,1
27,17,638093,0,65,0,0
38,20,1203292,8,12,0,1
63,59,1282519,14,193,0,1
56,69,399519,7,287,1,1
44,33,1302796,2,132,0,0
44,17,1191256,9,194,0,1
19,57,777122,3,77,0,0
58,1,1068513,9,249,1,1
65,13,1487213,3,231,0,0
30,27,454818,1,179,0,0
26,70,705632,11,176,0,1
69,59,1339438,10,28,1,1
53,6,1160385,9,165,0,1
39,23,622801,4,225,0,0
59,10,773056,12,135,0,1
43,51,863720,11,186,0,1
29,19,1278882,2,54,1,0
34,51,806817,11,1,1,1
31,68,1233237,10,16,0,1
31,42,294080,0,58,0,0
51,57,1205208,1,87,1,0
37,68,1215109,10,222,0,1
28,38,1220465,11,271,0,1
33,62,708527,6,57,0,1
68,7,725799,14,191,0,1
48,71,157942,0,49,0,0
23,50,1157851,14,212,0,1
36,52,906397,11,229,1,1
54,26,1246531,12,153,1,1
21,26,738466,12,272,0,1
64,19,451230,1,45,1,0
21,9,487808,13,117,1,1
37,61,1034609,9,175,0,1
27,20,737462,6,67,0,1
41,50,985890,0,250,0,0
52,22,1361213,6,229,0,1
43,13,1450655,12,199,0,1
54,12,132784,7,145,0,0
55,10,524817,10,50,0,1
38,65,664153,12,185,0,1
57,30,617087,13,198,0,1
56,8,440845,1,144,1,0
38,21,511832,3,58,0,1
27,22,898086,6,194,0,1
55,18,642118,0,142,1,0
63,66,509421,5,222,0,1
21,48,666713,4,99,1,0
62,44,832855,10,25,0,1
37,9,580910,5,13,0,1
34,67,1402607,7,121,1,1
24,54,500168,10,264,0,1
21,26,582977,10,6,1,1
46,26,1404092,0,218,0,0
31,34,367535,2,219,0,0
20,8,573220,10,182,0,1
41,10,1342116,12,107,1,1
54,48,115091,8,123,1,0
33,55,1440957,11,169,0,1
69,54,1404241,7,256,0,1
21,40,944785,3,8,1,0
41,15,436644,10,279,0,1
51,18,474924,13,124,1,1
47,23,542850,9,161,0,1
35,62,389112,8,35,0,1
36,46,1319853,6,3,0,1
48,39,832267,1,86,1,0
36,15,846577,0,263,1,0
66,53,1439005,0,90,1,0
63,64,465651,12,294,0,1
36,63,545729,2,57,1,0
39,16,1164006,12,139,1,1
41,70,603982,13,171,0,1
62,66,351707,14,259,1,1
29,13,764393,9,24,0,1
47,47,1299566,1,197,0,0
55,9,380400,3,66,0,1
48,63,279594,13,117,0,1
53,34,819713,14,279,0,1
36,29,655476,13,5,0,1
65,37,417278,7,96,0,1
62,43,1446808,4,71,1,1
53,64,508195,4,257,0,0
47,24,936538,5,37,0,1
66,71,1281243,12,295,0,1
50,34,590320,11,55,0,1
35,48,167824,14,102,0,1
69,12,991581,14,102,0,1
66,23,271503,4,215,0,1
45,13,456691,4,20,0,1
64,45,904310,14,114,0,1
28,65,876654,13,209,0,1
62,47,622040,6,290,0,1
50,58,1257060,5,202,1,0
34,5,493423,12,187,0,1
23,5,1149659,12,150,1,1
21,60,1331212,13,190,0,1
37,21,385279,9,213,1,1
65,24,157109,10,41,1,1
64,18,1472074,1,193,0,0
44,21,731180,12,249,0,1
32,54,424377,0,80,0,0
23,10,1376403,0,40,0,0
64,24,575344,3,19,0,1
31,60,1325860,1,8,1,0
28,57,315648,5,123,1,0
56,23,1200164,11,202,0,1
26,22,227558,11,77,0,1
43,68,1488975,8,209,0,1
33,34,1013758,9,17,0,1
22,70,1270497,10,235,1,1
69,28,313630,14,199,0,1
27,39,1308436,13,281,1,1
67,42,1021523,9,251,0,1
20,23,175018,7,238,0,1
30,70,1195449,3,268,0,0
60,2,754529,12,118,0,1
66,24,1027399,11,281,1,1
47,17,1359319,1,6,0,1
62,65,1077074,0,272,0,0
23,70,892553,6,252,0,1
34,69,1247908,9,127,0,1
62,60,1231021,2,91,0,1
68,50,430007,13,5,1,1
36,12,149987,5,73,0,1
59,47,1249363,4,55,0,1
52,67,1014647,4,294,1,1
63,65,721371,11,237,0,1
43,27,994466,1,21,0,1
68,48,1256982,13,40,0,1
22,62,1155880,8,265,0,1
46,44,759409,10,257,0,1
54,19,109495,3,47,1,1
37,59,911139,9,297,0,1
66,8,1079424,0,138,1,0
38,55,406688,1,201,0,0
27,47,786066,8,139,1,1
22,2,725058,6,141,1,1
53,39,114987,9,285,0,1
23,45,250161,1,232,0,0
43,32,1160041,6,157,1,1
21,65,1230647,13,37,0,1
56,38,919072,3,74,0,1
56,11,438141,9,174,0,1
67,10,1160942,1,38,1,0
52,59,916327,11,72,0,1
18,55,1412505,3,57,0,1
41,20,1154818,4,88,1,0
53,17,736904,12,272,0,1
23,68,426543,13,133,0,1
58,5,1417076,3,142,0,0
63,60,1040733,14,94,1,1
61,23,904652,2,155,0,0
48,46,601109,5,200,1,1
37,52,983654,0,159,1,0
41,10,555066,7,210,0,1
42,46,1068204,11,171,0,1
53,28,846256,4,69,1,1
38,43,1252043,7,144,0,1
47,26,1453100,9,166,0,1
41,55,441977,3,116,0,1
61,48,728296,3,184,1,0
59,29,974756,4,202,0,0
47,27,1014150,4,161,0,1
39,18,1253568,10,187,0,1
45,60,1328251,5,42,0,1
24,69,193593,4,200,0,0
52,21,742627,4,230,0,0
45,24,249519,12,3,0,1
31,3,1232516,7,239,0,1
27,62,186677,5,205,0,1
33,2,1093381,1,93,0,0
33,66,336729,3,231,1,0
48,42,567894,3,159,0,0
59,34,1262146,4,112,0,0
42,42,1475303,14,251,0,1
30,20,687344,14,221,1,1
23,68,181468,5,93,1,1
61,45,1009329,10,166,0,1
26,42,854233,4,137,1,1
62,47,137880,13,209,0,1
53,5,101355,13,255,0,1
60,49,206360,10,72,0,1
37,37,683224,5,213,0,1
35,34,312694,7,265,0,1
60,70,1366699,3,150,1,1
38,18,1405610,10,234,0,1
21,19,310828,2,215,0,0
67,40,1195842,8,108,0,1
50,17,1337863,2,299,0,1
44,60,723426,10,295,1,1
24,42,684944,7,119,0,1
23,65,1202680,9,97,0,1
32,53,1225420,11,209,1,1
35,7,100969,4,31,1,0
49,5,886686,8,225,1,1
28,24,564657,2,214,0,0
37,28,954399,9,122,1,1
41,62,566508,9,146,0,1
32,17,301961,7,51,0,1
65,20,674405,13,179,1,1
24,3,706692,12,289,0,1
38,37,1291974,12,186,0,1
59,15,583338,6,107,1,1
43,51,1423631,11,125,0,1
61,48,413323,6,260,0,0
31,8,1384179,13,193,0,1
54,13,425689,10,296,1,1
38,48,340655,9,33,0,1
35,3,1012350,8,275,0,1
22,65,410748,11,181,0,1
20,31,1368549,7,238,0,1
40,26,1485052,2,145,1,0
43,56,116820,13,43,0,1
54,34,700790,12,290,0,1
41,9,1215921,5,294,1,1
66,62,270386,10,258,0,1
36,13,927307,5,18,1,1
68,69,1113689,4,214,0,0
42,41,1219369,2,210,0,1
38,1,1098091,8,230,0,1
29,47,1415629,6,4,0,1
58,4,114866,3,268,1,0
50,63,883834,5,161,1,0
67,52,344734,4,215,0,0
21,10,1111567,0,273,1,0
59,28,1476717,1,99,0,0
24,6,1439180,0,170,0,0
39,27,148500,8,251,1,1
50,12,1348417,8,168,0,1
34,62,622881,4,37,0,1
41,52,880331,7,227,0,1
51,48,374272,9,124,0,1
45,67,987675,3,277,0,0
60,46,360731,0,284,1,0
58,15,590010,12,136,1,1
56,71,1327613,12,107,0,1
39,36,1048742,3,67,0,0
66,14,754676,6,103,0,1
34,3,1259878,10,245,0,1
51,67,804600,1,164,0,0
23,19,183583,1,191,1,0
63,54,1086341,5,194,0,1
23,69,809649,8,131,0,1
51,10,684352,2,295,0,0
18,33,197119,6,143,1,1
27,13,968773,9,218,1,1
38,51,804259,14,25,0,1
22,32,186891,13,250,0,1
19,24,581981,8,94,1,1
39,35,825329,10,199,0,1
65,70,133033,12,102,1,1
19,40,463298,8,192,0,1
27,54,1149954,10,1,1,1
51,44,1254037,3,246,0,1
33,62,798134,1,90,1,0
65,68,743392,14,44,1,1
68,33,395761,0,2,0,0
56,56,1284462,5,63,0,1
39,36,813695,4,134,0,1
29,54,1434483,5,290,1,1
41,19,1289648,6,277,0,1
64,43,1329516,8,175,0,1
57,12,1464952,9,281,0,1
55,11,769587,9,119,0,1
27,70,248351,10,261,0,1
52,12,830264,5,173,0,1
68,41,1344588,5,117,1,1
66,25,273808,12,184,0,1
49,3,1111008,14,242,0,1
24,3,502867,2,213,0,0
38,28,970895,12,120,0,1
37,23,107771,7,62,0,1
43,48,441140,8,148,0,1
21,67,1480893,0,275,0,0
63,42,265189,5,28,0,0
69,40,1356706,6,298,0,1
39,6,817497,10,224,0,1
32,20,441572,7,172,0,1
57,11,108689,14,243,1,1
38,27,1176639,11,130,0,1
32,21,1467918,9,19,0,1
39,13,1359246,14,80,0,1
69,35,233823,10,292,0,1
45,47,1010195,7,293,0,0
31,28,1493904,6,234,0,1
44,21,408135,7,220,0,1
58,18,433019,10,169,0,1
57,31,847916,8,45,1,1
45,60,1045113,9,59,0,1
43,37,943087,6,95,1,1
66,21,1351032,14,268,0,1
19,14,687465,14,30,0,1
42,60,1206972,2,115,1,0
20,23,903309,14,61,0,1
25,29,118405,8,145,0,1
61,47,216435,0,52,0,0
50,30,146233,13,50,0,1
59,38,907903,7,168,1,1
69,27,1414022,5,194,0,1
52,15,999898,10,82,1,1
23,59,1490768,2,133,1,0
56,3,722260,8,267,0,1
69,10,1041015,5,80,0,1
40,17,1022526,14,218,0,1
42,11,1453959,6,1,0,1
67,48,827051,10,250,0,1
60,5,1376664,1,235,0,0
36,69,223811,0,155,1,0
22,64,1007529,0,36,1,0
68,14,159269,2,228,0,0
28,50,727846,10,144,1,1
29,26,1239444,2,55,1,1
27,69,882170,7,120,0,1
25,7,948327,6,210,0,1
41,16,1446004,14,259,0,1
45,55,541856,9,102,0,1
58,56,1039957,7,234,0,1
53,4,1377873,0,37,0,0
54,48,1354022,3,107,1,0
38,17,604254,7,223,0,1
25,36,602542,9,292,1,1
26,70,1055480,1,183,1,0
64,38,1394530,6,154,1,1
32,62,1031229,7,31,0,1
65,48,568089,13,233,0,1
63,10,1136483,8,249,1,1
57,36,274115,6,57,0,0
35,29,597730,11,162,1,1
59,4,177080,8,16,1,1
37,44,1344638,1,253,0,0
23,56,1104554,10,145,0,1
29,42,163131,0,228,0,0
19,13,962447,0,239,1,0
24,46,1487579,10,285,0,1
33,33,833833,11,15,0,1
20,21,1302737,3,74,0,1
62,57,953670,0,259,1,0
20,69,438084,6,3,0,1
44,70,461278,7,250,0,1
67,67,842886,2,84,0,0
60,48,423540,13,62,0,1
57,33,103877,0,99,1,0
55,36,994839,2,242,0,0
50,33,708544,1,294,0,0
45,31,1180394,5,161,0,1
18,21,855244,10,177,1,1
25,27,148555,6,251,0,1
54,62,928800,8,41,0,1
49,26,1065684,4,241,0,1
65,66,976098,3,90,0,0
60,12,985209,0,27,0,0
54,22,622126,10,154,0,1
21,17,472072,13,118,1,1
47,7,1175196,5,219,0,0
23,68,483382,10,263,0,1
63,37,1471259,7,120,1,1
36,38,1165653,3,45,0,0
49,11,183335,0,279,0,0
26,1,147285,13,114,1,1
29,25,544451,13,167,1,1
28,42,772979,4,245,1,1
63,52,1206053,9,279,0,1
33,24,703035,4,233,0,1
18,53,121169,1,21,1,0
62,56,392517,5,201,0,0
38,63,1181245,9,67,1,1
47,8,565386,8,135,1,1
30,59,679408,13,230,1,1
51,45,428520,5,57,0,1
21,27,678523,7,14,1,1
45,52,213307,9,263,0,1
55,18,463920,2,169,0,0
48,16,771207,9,290,1,1
44,66,647835,1,168,0,0
22,5,630863,3,47,0,0
42,3,1284491,11,95,0,1
20,70,324059,8,43,0,1
50,7,901284,8,239,0,1
21,50,938093,2,290,0,1
42,14,240229,11,282,0,1
37,38,1236518,12,69,0,1
51,47,478870,0,252,0,0
43,33,868180,0,65,0,0
22,43,997168,3,284,0,0
52,29,1396186,3,30,0,1
45,57,1221544,10,213,1,1
46,5,354686,11,180,0,1
26,60,905269,14,201,1,1
69,70,180684,9,67,0,1
55,2,741992,5,24,0,1
67,70,1225306,4,247,0,1
23,43,1115631,5,159,0,0
36,4,770179,9,279,1,1
61,56,565377,6,256,1,1
28,59,1418124,6,110,1,1
19,9,1163250,9,46,0,1
64,3,710211,13,178,0,1
61,48,511913,9,35,1,1
61,43,1102587,8,197,0,1
26,1,1340311,14,41,1,1
38,57,991751,5,89,0,1
41,53,1176613,7,67,0,1
51,16,999997,1,69,1,1
39,51,1254662,7,109,1,1
20,55,662270,8,21,1,1
29,1,485453,3,276,0,0
45,28,991674,14,194,1,1
47,53,1086028,4,44,0,0
43,58,891588,4,110,0,0
65,60,662568,1,208,0,0
38,59,699612,4,229,1,0
45,22,160706,8,177,0,1
43,8,835081,3,249,0,0
50,49,315342,9,10,0,1
38,42,241043,2,251,0,0
52,27,1070644,13,234,0,1
69,39,667696,6,135,0,0
51,25,283094,7,253,1,1
58,38,1286135,12,53,0,1
68,24,348670,12,128,1,1
64,24,1169573,9,225,0,1
35,60,1148482,5,19,0,0
28,50,705196,5,99,0,1
40,66,1495504,12,289,0,1
65,14,264857,4,56,0,1
39,53,1382642,10,225,0,1
34,32,682964,5,140,0,0
22,48,1142867,8,124,1,1
61,39,632661,14,51,1,1
28,40,261355,1,133,1,0
47,42,286983,9,291,0,1
32,8,1243527,10,152,0,1
44,26,912846,14,185,0,1
52,12,1003571,2,238,0,0
50,43,1284348,0,182,1,0
37,51,557359,3,2,0,1
33,63,1342877,1,283,0,0
51,49,1293549,5,195,0,0
19,27,264500,14,165,1,1
52,9,1123189,12,289,1,1
57,39,791047,14,140,0,1
45,65,1273650,0,110,0,0
64,71,675512,7,260,0,0
56,71,1137634,9,187,0,1
23,7,393996,5,272,0,1
26,67,360346,8,184,0,1
37,10,974977,11,286,0,1
18,71,1081706,5,91,0,1
25,53,1399113,9,193,1,1
40,57,1326926,6,46,0,1
20,27,392009,4,143,1,0
21,54,1291937,13,148,1,1
42,4,956702,7,119,1,1
64,23,1234125,7,133,1,1
55,48,528737,9,196,0,1
32,42,668615,8,36,0,1
38,3,213209,11,186,0,1
52,3,1345167,5,212,0,1
63,28,1133196,0,109,0,0
69,63,1133504,8,186,0,1
31,31,118409,2,77,0,0
53,10,774877,8,297,0,1
29,49,1455253,6,124,1,1
34,21,679632,13,1,1,1
56,53,1350125,11,70,0,1
26,54,716196,12,211,0,1
52,57,309074,2,7,0,0
30,20,150756,8,183,0,1
32,49,577038,13,163,0,1
35,7,276031,6,268,1,1
68,29,910976,6,294,0,1
50,48,118733,6,80,0,1
23,13,547427,1,261,0,0
44,3,284588,10,274,0,1
40,2,137487,3,104,1,0
44,16,140849,9,27,0,1
51,6,507766,7,46,1,1
63,45,190930,11,54,0,1
55,71,936131,1,78,0,0
31,5,981455,12,0,0,1
53,56,571399,3,167,0,0
25,71,590486,9,22,0,1
52,32,391162,7,227,1,1
36,49,1104667,14,297,1,1
47,13,907463,11,259,0,1
31,30,1344812,2,263,0,0
37,25,470570,11,163,0,1
66,60,100056,5,9,0,0
42,59,343349,11,115,0,1
57,28,770712,1,157,0,0
41,58,611854,7,271,0,1
31,20,1479403,7,157,0,1
43,34,1411441,11,201,0,1
55,5,1128077,12,120,1,1
40,60,575521,0,138,0,0
39,43,1145429,2,161,0,0
65,57,545185,13,207,0,1
36,57,664482,14,54,1,1
63,54,801916,1,259,1,0
68,45,864743,6,43,0,1
20,37,1228458,6,158,0,1
59,48,1028415,3,97,1,0
36,54,1300520,11,25,1,1
26,48,1353975,11,197,1,1
45,6,1221648,7,96,1,1
37,34,748207,2,238,0,0
62,63,1496688,13,11,1,1
24,48,853646,8,44,1,1
31,23,1193113,4,8,0,1
26,13,1102581,13,0,1,1
36,47,1088323,12,209,0,1
64,44,523959,14,53,0,1
69,32,331735,13,103,0,1
31,26,1221517,1,151,1,0
55,53,1114221,8,9,0,1
53,14,1311853,0,39,0,0
57,52,117645,10,43,0,1
34,36,1261237,7,267,0,1
47,8,1482193,5,277,0,1
26,40,937166,11,154,0,1
50,22,1014137,0,81,0,0
69,16,1166458,13,196,1,1
42,60,977292,3,51,1,0
31,60,309611,2,222,0,0
28,10,1060850,6,58,0,1
52,25,1370290,6,293,0,1
58,31,244051,5,275,0,1
31,21,1249089,13,275,0,1
47,33,480895,9,109,0,1
58,31,1193404,13,29,0,1
21,21,762588,9,106,0,1
21,36,305908,11,296,0,1
45,65,220354,7,94,0,1
25,4,206500,6,284,0,0
19,68,401062,3,206,0,1
58,4,345377,6,171,0,1
63,9,1099896,14,78,0,1
39,30,355333,0,249,0,0
58,45,444901,2,217,0,1
33,4,696285,1,56,1,0
46,69,838761,6,146,0,0
66,23,361372,8,233,0,1
65,16,851266,4,16,0,1
47,22,1352516,8,196,1,1
29,48,935815,11,188,0,1
52,62,1017831,12,131,0,1
28,60,870997,7,247,1,1
63,5,175614,0,149,0,0
67,7,762398,13,201,1,1
38,51,370192,10,212,0,1
38,65,1425674,1,216,0,0
22,9,331673,5,5,1,1
65,45,1407983,4,157,0,1
37,47,347067,14,74,0,1
54,67,550757,10,250,0,1
20,24,538687,6,45,0,1
61,10,299387,8,228,0,1
50,48,474154,13,181,0,1
26,35,375369,3,82,1,0
26,54,1102760,7,144,0,1
21,71,1031035,3,49,0,1
52,16,826231,2,99,1,1
34,53,877574,11,219,1,1
51,40,190721,1,138,0,0
41,20,127134,7,13,1,1
49,69,272193,14,12,1,1
18,45,317129,10,249,1,1
25,6,353107,7,171,0,1
62,69,515282,10,105,0,1
40,49,755355,11,188,0,1
64,39,1267479,2,16,0,1
57,2,1343125,0,49,0,0
29,39,266561,12,248,1,1
29,21,124698,5,226,0,1
63,40,1061164,4,78,1,0
64,54,1430357,7,271,0,1
32,12,279096,14,212,0,1
58,37,1230752,5,16,0,1
36,38,300633,3,250,0,1
43,15,721300,9,83,0,1
69,7,1351925,9,196,0,1
46,50,103654,11,264,0,1
39,65,594771,14,17,0,1
57,67,981811,11,220,0,1
38,44,165355,10,234,0,1
68,31,817479,1,175,0,0
55,43,582312,7,71,0,1
37,48,1194833,4,90,1,0
46,61,737723,11,22,0,1
68,10,1254442,14,212,0,1
21,29,1033491,7,293,0,0
24,48,1403135,14,127,0,1
45,62,1038314,4,58,0,0
45,13,1261271,5,84,1,0
21,44,265992,12,228,1,1
39,47,959856,14,267,0,1
29,64,470544,9,111,0,1
62,53,367618,13,115,0,1
20,44,159026,4,237,0,1
39,28,166024,10,51,0,1
61,2,1199550,2,83,0,1
19,57,1041648,9,110,0,1
41,57,367766,7,199,0,1
51,34,459510,2,218,0,0
44,58,857438,3,228,1,0
58,52,139214,5,20,1,1
18,29,717472,1,175,0,0
25,35,873500,13,55,0,1
40,48,460377,6,290,0,1
55,33,289065,4,299,1,0
23,9,384009,11,294,1,1
39,48,1353756,9,142,0,1
42,67,1081153,12,225,0,1
35,36,143026,4,7,1,0
34,71,189037,4,123,0,1
29,44,782226,12,245,0,1
23,60,1174351,12,100,1,1
43,63,1046584,1,92,0,0
44,5,825783,10,253,0,1
25,40,420595,12,79,0,1
36,19,545815,14,297,1,1
59,47,968573,14,30,0,1
18,65,639972,11,298,0,1
46,67,648290,9,281,1,1
62,18,492848,8,11,1,1
66,50,1040476,2,126,0,0
52,30,559369,11,186,0,1
57,66,1154885,6,68,0,1
31,5,1495395,4,10,0,1
52,42,954758,9,22,0,1
65,5,1156402,9,208,0,1
62,50,243206,4,214,0,0
37,58,1270416,14,122,1,1
66,8,877104,3,72,1,0
30,31,1426289,9,209,0,1
55,12,1049731,5,273,0,0
66,21,630796,6,93,0,1
63,62,1034112,6,235,0,1
66,33,1237635,10,153,0,1
25,26,1355617,11,273,1,1
60,40,1246051,14,212,1,1
37,65,754735,7,127,1,1
50,59,1017251,4,232,1,1
43,15,734936,6,40,0,1
56,1,124520,11,288,1,1
38,11,119734,13,42,0,1
66,55,936987,14,269,1,1
59,2,349972,3,27,0,0
60,65,787554,14,269,0,1
58,44,1376502,8,73,0,1
26,16,527900,4,144,0,1
41,22,1410470,2,161,0,1
54,18,1020363,4,245,1,1
66,47,1450560,8,269,0,1
58,30,459536,12,210,0,1
34,10,421471,12,279,0,1
41,58,213827,10,222,0,1
38,62,566966,7,69,0,1
68,6,725560,0,19,0,0
56,67,665992,4,120,0,1
58,41,946811,5,172,1,1
56,43,779678,14,33,1,1
30,18,1081460,12,70,0,1
28,58,891706,9,32,1,1
63,60,1035730,12,261,0,1
36,27,536850,10,271,1,1
28,68,866032,1,108,0,0
30,22,174210,13,22,0,1
63,24,218724,14,145,0,1
62,40,1131270,5,13,1,1
18,66,148392,13,35,0,1
57,40,343746,8,270,0,1
61,6,1219480,13,260,1,1
36,18,1147601,3,52,0,0
29,30,407479,2,47,0,1
25,21,122487,8,10,1,1
25,62,1224503,1,257,1,0
62,10,1420594,11,279,1,1
29,13,941254,8,209,0,1
65,9,1202524,10,11,0,1
50,68,1152184,9,250,1,1
62,39,1244563,10,159,1,1
43,24,1253758,10,35,0,1
56,34,1378970,1,148,1,1
45,61,1071416,13,197,1,1
22,41,651834,12,245,0,1
25,5,200804,10,203,0,1
42,50,561419,13,43,0,1
44,4,941618,14,205,0,1
63,51,1284878,9,240,0,1
40,52,650008,2,40,0,0
47,39,1453743,12,75,0,1
62,8,1215658,6,201,0,1
64,45,115050,1,94,0,0
40,28,1134337,0,27,0,0
66,27,1330963,8,143,0,1
64,65,1462884,5,58,0,1
37,34,1277046,8,128,0,1
35,62,916566,11,0,0,1
35,62,1295288,2,286,0,0
19,38,554887,2,21,0,0
21,26,114284,9,225,0,1
47,24,684814,11,203,1,1
50,39,1177153,2,186,0,0
53,21,746155,1,283,0,0
35,47,885367,12,26,0,1
54,48,421044,10,128,0,1
36,13,1085372,5,94,0,1
64,3,368210,2,65,1,1
45,32,876827,4,176,0,1
57,35,551104,12,274,1,1
37,19,1157159,10,155,1,1
66,14,1448777,4,18,0,0
50,48,1302252,9,57,0,1
29,68,1437284,2,272,1,0
68,45,423573,2,197,0,0
32,19,985032,0,78,0,0
58,64,1177517,5,40,0,0
56,66,619357,2,225,0,0
19,66,400106,14,260,0,1
46,45,269645,0,244,1,0
58,67,1007842,12,22,1,1
27,69,518908,13,196,0,1
19,3,682708,13,235,0,1
68,38,706703,12,125,1,1
28,42,266835,9,265,0,1
30,40,968445,8,139,0,1
27,50,801040,10,126,0,1
31,35,743300,0,285,0,0
35,24,1268774,4,113,0,1
68,17,657776,4,12,1,1
26,40,776819,14,227,1,1
56,66,1122133,1,8,0,0
45,44,505770,13,145,0,1
20,23,268939,13,162,1,1
37,6,309176,12,222,1,1
23,66,1415777,0,215,0,0
44,21,352570,5,168,0,1
19,35,423420,14,25,0,1
46,29,1050244,6,124,1,0
55,7,341290,10,299,1,1
20,53,1024178,10,249,0,1
33,37,273403,8,9,1,1
47,23,246388,7,104,1,0
57,8,771577,9,105,0,1
19,48,1259621,2,0,0,1
34,10,507818,8,181,0,1
58,24,1497901,0,140,1,0
29,47,1162563,12,229,0,1
52,53,637831,5,63,0,1
60,39,1438664,12,77,1,1
18,67,764504,13,231,0,1
62,66,138459,9,86,0,1
32,6,1319475,1,182,0,0
43,21,655029,9,145,0,1
54,36,874071,8,91,0,1
38,3,999804,8,122,0,1
66,42,431885,7,275,1,1
48,45,693465,12,63,1,1
42,44,1152119,10,218,1,1
40,33,1131232,6,191,1,0
41,60,1389785,13,106,0,1
55,70,942827,5,246,0,1
45,26,291506,1,56,0,0
38,21,391199,13,44,0,1
60,2,368260,3,85,1,1
35,47,1466205,9,37,0,1
53,30,757767,6,181,0,1
52,27,690709,13,163,0,1
62,71,853091,12,244,0,1
26,20,1446131,5,125,0,0
55,50,1356309,8,206,0,1
47,23,318102,12,266,1,1
61,13,1248348,12,86,1,1
51,4,1335092,4,144,1,1
49,14,452265,11,121,0,1
20,20,319055,11,97,0,1
20,13,998102,5,288,1,1
45,3,598535,9,132,1,1
61,47,204627,5,64,0,0
32,3,1314844,13,198,1,1
58,1,1125116,7,124,0,1
40,24,738471,7,207,0,1
57,35,1475990,5,207,1,1
28,14,1133546,7,299,0,1
65,67,941411,6,120,0,0
49,13,1127001,0,141,0,0
53,47,281410,4,56,0,0
50,50,1262161,10,144,0,1
41,26,1401245,14,43,0,1
56,3,1054359,9,131,0,1
51,51,1023732,9,80,0,1
45,40,1348015,12,29,0,1
54,68,251117,9,208,1,1
24,36,314740,4,242,1,0
21,51,307663,9,182,0,1
54,1,648606,13,157,1,1
18,33,1469178,8,145,0,1
18,7,507011,6,232,0,1
64,52,1072028,6,91,0,0
37,11,753077,9,171,0,1
36,27,1170323,14,189,1,1
46,14,877939,1,30,0,1
27,46,319842,7,108,0,1
35,10,278445,2,271,0,0
45,24,1159858,14,94,0,1
52,61,1211649,8,76,0,1
60,18,778403,14,150,1,1
64,9,342720,5,141,1,0
48,17,415044,8,230,1,1
44,58,1184076,14,257,1,1
28,13,268560,8,127,0,1
66,50,429649,6,223,0,1
66,6,387604,9,183,0,1
55,51,112155,11,279,0,1
22,36,1029374,7,292,1,1
25,71,477150,1,28,0,0
51,25,759077,4,297,0,0
65,11,1137683,14,17,0,1
69,44,477282,2,130,0,0
29,14,244499,0,268,0,0
55,29,164442,12,105,1,1
18,50,527924,5,156,0,1
48,5,987103,12,58,0,1
21,69,1127236,11,91,0,1
66,57,294644,14,259,0,1
62,26,903063,8,50,0,1
67,6,644175,1,132,0,0
22,16,1246508,8,166,0,1
47,60,682275,7,296,0,1
41,12,804990,10,4,0,1
20,3,833551,8,135,0,1
28,63,861632,4,225,0,1
62,64,776196,12,183,0,1
21,62,868407,1,90,1,0
43,6,331602,9,188,0,1
44,19,406600,9,132,0,1
63,18,1316028,5,171,0,1
60,43,1268826,6,249,0,1
44,3,1488455,2,60,1,1
59,38,601554,13,49,0,1
68,68,898001,5,222,1,0
67,44,487438,5,171,1,1
23,63,854723,7,224,1,1
32,42,1048686,0,190,1,0
47,64,609548,3,264,0,0
59,54,1096155,14,243,0,1
54,71,252721,0,78,0,0
54,37,970163,7,21,1,1
59,4,982564,1,35,0,0
54,2,200497,7,155,0,1
52,44,214432,2,55,0,0
40,67,1303474,7,247,0,1
23,68,1304377,5,260,0,1
21,62,1021372,0,259,0,0
35,1,1189850,6,14,0,1
26,17,1187294,12,187,0,1
66,16,665970,6,25,0,1
46,9,1179229,5,22,0,1
30,53,1406159,14,102,1,1
64,59,245213,0,28,0,0
69,9,1178977,4,56,0,0
34,12,782747,0,61,0,0
62,41,705978,0,47,0,0
49,15,462757,5,34,0,1
65,66,536677,7,45,0,1
39,11,406437,0,32,0,0
21,8,899848,1,225,0,1
22,55,453079,14,265,1,1
54,6,370504,4,215,0,0
58,53,140721,7,216,0,0
66,20,922501,10,175,0,1
30,39,1463990,3,43,0,1
51,34,111227,14,218,0,1
62,57,1188163,13,125,1,1
39,19,686008,4,199,1,1
40,71,1479025,9,84,0,1
68,31,438172,4,40,1,0
20,40,415795,2,210,1,0
59,14,413476,5,38,0,0
51,37,299953,4,268,1,0
49,44,1357550,14,180,0,1
62,9,748226,1,230,0,0
68,58,741518,13,69,1,1
66,20,1088480,9,75,0,1
38,50,1242334,13,275,0,1
63,20,943732,3,233,0,0
61,36,913383,10,135,1,1
38,27,1122918,3,153,0,0
61,32,1167697,6,293,0,1
28,1,446495,14,98,0,1
56,17,412683,6,129,0,1
21,9,603015,8,6,0,1
68,45,785671,14,104,0,1
18,66,797757,9,49,1,1
45,32,1177794,11,223,0,1
41,45,1142113,1,63,1,0
52,9,1098573,5,180,0,1
30,30,1069095,1,74,0,0
64,38,799493,8,265,1,1
51,60,931299,1,188,1,0
28,1,1149892,5,182,0,1
53,5,137972,7,67,0,1
68,63,973356,5,169,0,0
34,36,1096552,11,171,0,1
52,65,821580,14,283,1,1
35,24,454844,2,106,0,0
57,4,1277655,4,110,1,1
39,68,1356919,3,77,0,0
41,25,1381039,0,185,0,0
36,7,1322283,4,252,0,0
54,13,806625,9,235,0,1
56,68,1329757,11,92,0,1
38,43,279869,4,129,0,1
25,57,777772,6,182,1,0
45,36,613604,14,33,1,1
22,14,489821,11,221,0,1
34,27,770181,6,281,0,1
54,37,435262,1,0,1,0
53,71,1223124,13,96,0,1
36,25,264727,3,86,0,1
44,67,204319,0,251,1,0
51,4,285648,12,14,0,1
28,16,180066,4,141,1,0
62,19,1069740,4,288,0,0
64,29,346635,3,69,0,0
29,51,931653,9,278,0,1
38,18,1365564,11,53,0,1
28,58,1083596,11,251,0,1
56,44,1334093,6,246,0,1
45,16,192326,5,133,0,0
22,65,239972,12,243,0,1
34,2,333041,9,238,0,1
37,56,1162467,2,16,0,1
58,28,995072,1,278,0,0
63,65,958515,14,232,1,1
29,5,1448684,3,153,0,1
23,22,1068675,8,185,0,1
34,13,669027,9,82,1,1
68,65,1148371,4,54,1,0
36,16,972231,0,61,1,0
43,64,315928,10,58,0,1
65,32,798734,2,141,1,0
61,51,139459,8,148,0,1
61,58,1453975,6,173,0,1
69,46,887669,2,61,0,0
49,52,1126117,0,166,1,0
23,63,1137033,3,169,1,0
53,60,152195,8,102,1,1
55,65,136326,11,27,0,1
28,55,236365,6,83,0,0
50,57,456064,4,133,0,0
41,71,982961,12,58,1,1
40,26,773589,10,89,0,1
32,12,1406542,13,69,1,1
44,71,418862,5,184,0,0
28,46,605818,0,59,1,0
68,47,673903,6,144,0,1
67,38,1219872,11,167,1,1
34,21,959228,4,65,1,1
68,14,1116258,6,123,0,1
31,2,343083,4,212,0,1
44,70,1019419,4,181,1,1
35,33,436795,2,70,0,0
45,6,107076,4,43,0,1
68,37,1491070,7,194,0,1
64,14,940350,13,56,0,1
64,37,1407616,7,291,0,1
21,8,936960,1,56,0,0
24,13,479647,10,170,0,1
62,40,166798,0,299,0,0
52,58,109319,1,82,0,0
65,18,512525,10,93,0,1
26,57,289468,6,266,1,0
25,38,849656,2,160,0,0
69,32,1437718,7,101,0,1
62,66,103468,3,111,0,0
34,25,1260754,9,65,0,1
34,58,1292299,9,109,1,1
66,33,890841,7,119,1,1
50,66,166083,13,278,0,1
49,30,1382843,1,241,0,0
25,34,185443,12,147,1,1
36,69,909858,13,241,1,1
55,48,941189,14,221,0,1
20,40,245508,4,270,1,0
22,51,676424,5,285,0,0
30,13,1308610,0,3,0,1
64,31,596988,14,7,0,1
63,39,522504,13,51,0,1
48,63,1432956,0,141,0,0
33,48,1294571,13,266,0,1
67,48,286963,8,279,0,1
49,61,953579,4,87,1,1
39,12,1467089,14,159,0,1
46,56,1477123,14,27,0,1
39,18,983657,13,15,0,1
60,27,1134961,3,297,0,0
20,28,407357,13,271,0,1
27,52,198631,0,99,1,0
59,16,628104,14,203,1,1
38,58,409982,2,189,0,0
33,9,1401112,12,33,0,1
29,26,359525,3,293,1,0
19,28,839835,10,277,0,1
58,36,1213940,10,258,0,1
41,9,506373,4,256,1,1
52,47,895754,13,52,1,1
47,51,1413202,9,191,0,1
47,57,865176,11,171,0,1
64,32,1489931,13,46,0,1
52,67,458100,4,190,0,1
36,57,1356919,9,40,0,1
67,54,106732,7,193,0,1
25,16,271825,12,65,0,1
43,62,866364,12,42,1,1
66,56,335430,2,189,0,0
57,23,346328,6,88,0,1
24,17,134422,13,175,1,1
47,38,701252,12,25,0,1
24,30,1204860,5,98,0,1
20,58,752863,9,60,1,1
18,22,824629,10,249,1,1
53,17,532795,9,224,0,1
42,15,1353526,9,81,0,1
54,48,438144,10,181,0,1
18,32,1014691,5,187,0,1
32,40,1328162,9,43,1,1
54,57,110300,8,258,0,1
30,58,920995,13,97,0,1
57,16,745515,14,90,0,1
25,28,1227820,6,140,0,1
22,1,490305,12,251,1,1
26,41,116328,10,207,0,1
18,48,519870,6,178,0,1
53,31,761574,10,297,1,1
52,36,1337388,13,186,0,1
19,33,1082453,0,109,1,0
57,33,1056417,0,218,1,0
40,23,921809,8,2,1,1
26,60,256806,8,40,0,1
51,30,452401,11,124,0,1
63,45,1075111,10,256,0,1
31,39,572374,9,192,0,1
21,45,259947,2,114,1,0
47,12,1203658,14,69,0,1
48,32,647514,10,96,0,1
55,56,914109,10,215,0,1
28,24,241370,7,223,0,1
52,13,1446568,8,280,0,1
25,20,723579,0,128,1,0
20,56,950086,11,98,0,1
31,53,778794,13,269,0,1
30,68,205850,2,246,1,0
62,54,1084766,12,185,0,1
49,34,1208209,5,243,1,0
51,28,673205,14,37,1,1
62,50,966236,3,256,1,1
36,2,1411627,7,247,0,1
55,26,977727,14,132,0,1
33,51,1135016,8,43,0,1
19,47,813962,6,192,1,1
57,26,506980,10,56,0,1
34,61,1025894,0,247,0,0
51,23,130172,13,103,0,1
59,37,1380407,1,44,0,0
33,41,727800,0,59,1,0
55,52,795902,8,65,0,1
19,49,1196772,3,222,1,0
19,27,955333,9,46,0,1
43,6,1111594,13,237,0,1
30,66,1039167,7,25,0,1
64,24,761311,4,93,0,0
48,38,1425895,4,109,1,1
51,28,504243,4,260,0,1
56,28,1256385,10,253,0,1
20,66,1486350,4,294,0,1
25,61,767527,2,39,0,0
40,46,1353953,5,291,0,0
31,69,516276,13,253,0,1
44,43,227310,0,96,0,0
46,59,1477276,7,25,0,1
56,2,1094885,12,103,1,1
56,15,988580,3,102,0,0
18,37,110485,5,74,0,1
34,71,730543,1,84,0,0
58,20,633090,1,213,1,0
47,35,600040,7,112,0,1
30,34,919746,13,56,0,1
38,31,1065802,0,100,0,0
36,19,193153,7,249,0,0
36,68,1124806,14,134,0,1
42,24,1332133,9,140,1,1
39,39,1364308,9,83,0,1
48,54,964685,14,206,1,1
34,39,606945,0,229,1,0
40,17,1186245,14,60,0,1
49,19,1029346,8,216,1,1
27,48,950531,0,55,0,0
27,35,233154,3,28,0,1
53,32,749166,8,110,0,1
25,47,257333,0,91,0,0
69,47,1158371,8,141,0,1
37,64,407453,13,101,0,1
49,46,853924,7,70,0,1
67,35,120180,4,12,0,0
31,17,1457055,5,156,0,1
67,42,597502,4,80,0,0
45,29,526484,3,99,1,0
63,70,1388477,11,82,0,1
69,17,1304137,9,217,1,1
41,14,814758,14,236,1,1
32,24,746640,14,124,0,1
39,57,464411,13,200,1,1
47,50,1488122,12,1,0,1
21,57,210551,11,61,0,1
30,61,1229384,3,19,0,0
40,39,220469,13,209,0,1
25,55,1482642,9,179,1,1
35,36,433018,7,61,1,1
29,37,1003685,7,272,0,0
48,14,422505,8,294,0,1
31,27,1222412,2,240,0,1
51,31,1340414,9,250,0,1
35,44,1301048,14,9,0,1
51,68,807593,7,186,0,1
28,48,694121,14,109,1,1
58,57,1400249,2,27,1,0
29,22,512548,1,60,1,0
66,4,1124213,1,57,0,0
32,46,1261974,8,299,0,1
48,59,508417,3,251,0,0
66,34,538598,4,255,0,1
46,11,920240,1,144,0,0
43,31,1222100,8,78,0,1
35,11,402471,6,293,1,1
49,56,250651,2,285,1,0
39,38,645771,5,287,0,1
55,21,1018007,6,213,1,1
34,10,108947,13,19,1,1
40,26,1289181,11,229,0,1
41,8,1451636,5,63,0,1
67,8,540139,9,35,0,1
25,60,573945,10,210,0,1
58,34,749756,9,170,0,1
23,16,351362,5,25,0,1
22,13,369156,12,262,1,1
61,22,1163789,14,289,1,1
46,27,1294860,7,163,0,1
45,64,1244236,13,61,0,1
28,2,946620,7,85,0,1
18,26,670864,4,72,0,0
60,69,1421431,13,59,0,1
36,30,1398062,3,177,1,0
26,8,871935,10,51,0,1
44,38,1299841,4,144,0,0
51,61,1127747,8,76,0,1
61,65,1347315,11,118,1,1
21,67,757784,9,208,1,1
53,46,668632,5,181,0,1
35,43,1342740,2,137,0,0
32,59,371344,2,124,0,0
68,46,805829,13,152,1,1
30,35,1282864,0,17,0,0
36,39,1063098,14,63,1,1
66,51,886448,14,235,0,1
23,4,202974,4,78,1,1
65,51,519594,5,58,0,0
29,5,200927,7,250,1,0
68,55,1049238,10,60,0,1
54,20,441030,8,117,0,1
34,24,494689,6,78,1,0
40,36,387669,0,236,0,0
43,34,928460,6,170,1,0
46,54,792439,9,243,0,1
50,34,676335,8,207,1,1
44,17,392254,3,86,0,1
42,5,219786,10,138,0,1
27,18,716712,11,87,1,1
64,55,1281594,6,132,0,1
40,53,115740,8,38,1,1
38,50,585197,0,175,1,0
38,45,1263564,11,79,0,1
60,13,1223288,9,19,0,1
30,16,661557,8,220,1,1
54,13,845632,3,274,1,0
50,20,400826,11,187,0,1
41,66,1304249,7,153,0,1
61,47,919282,2,142,0,0
28,19,1189708,1,250,0,0
34,45,543366,12,211,0,1
21,37,1285452,11,148,0,1
64,54,352697,7,174,1,1
42,6,709349,7,171,0,1
47,14,152034,2,133,0,0
26,4,1455781,12,115,0,1
38,55,516962,7,202,1,0
37,34,440492,10,294,0,1
36,27,1381036,10,145,0,1
36,7,739180,5,237,0,1
29,3,670240,9,227,0,1
54,47,1326791,8,254,0,1
59,2,683667,9,291,1,1
34,25,789680,12,155,0,1
54,60,992552,5,242,1,1
65,24,1276428,7,206,0,1
56,15,460255,1,253,0,0
45,14,592344,0,257,0,0
58,54,1339437,9,72,1,1
52,6,433258,9,34,0,1
64,18,875960,1,128,1,0
65,20,858861,11,187,0,1
35,62,161240,3,94,1,0
31,40,1452518,9,219,1,1
52,39,1366263,8,124,0,1
61,52,549136,6,184,1,1
58,32,1004803,8,36,0,1
24,27,1215049,8,262,0,1
58,52,296398,8,109,0,1
30,63,819234,7,177,0,1
35,63,1258382,5,141,0,1
54,17,758411,13,133,0,1
30,49,552697,10,148,0,1
53,23,1226350,9,287,0,1
48,13,389930,6,257,0,0
19,23,1347878,14,38,0,1
33,57,1348779,1,282,1,0
26,62,1143960,10,13,1,1
26,54,293717,0,280,1,0
55,20,893449,12,52,0,1
28,52,503065,4,10,0,0
39,23,844409,7,162,0,1
50,35,1473173,2,182,0,0
53,67,542333,6,185,1,0
62,34,550463,4,36,1,1
40,33,1216534,11,8,0,1
62,46,1319642,9,27,0,1
62,45,570929,12,173,1,1
51,19,701856,7,126,1,1
26,15,603028,5,69,0,0
41,66,1282491,5,282,0,0
25,39,1087151,6,265,0,1
24,18,1375285,6,150,0,1
53,70,1195122,3,148,1,0
35,59,324478,9,217,0,1
20,32,727571,11,125,0,1
45,21,875411,9,2,0,1
23,40,1460297,9,186,0,1
61,27,1314817,14,42,0,1
61,2,1321357,12,98,0,1
38,39,391559,7,262,0,1
45,56,508901,5,189,1,0
57,13,1426683,10,41,0,1
18,56,785058,12,96,0,1
53,66,1210991,7,259,0,1
38,56,156400,6,217,0,1
60,28,476875,0,135,0,0
52,64,155450,3,144,0,0
30,71,973394,6,4,0,1
66,64,827967,8,135,0,1
27,56,586796,1,6,0,1
61,41,902963,14,36,1,1
64,41,334494,4,66,0,0
27,4,762657,8,4,0,1
63,57,665082,8,272,1,1
30,30,1190363,5,57,1,1
54,46,1249819,6,154,0,1
55,56,1121535,8,112,0,1
41,31,1318296,13,91,0,1
19,7,749401,13,243,0,1
39,54,985749,9,283,1,1
34,8,1091783,7,88,0,1
53,55,500607,13,177,0,1
31,69,346935,9,227,0,1
27,44,437035,5,66,0,1
52,13,556046,5,121,0,1
42,20,563999,6,158,1,1
20,32,402430,6,267,1,0
64,60,1351474,1,182,0,1
55,50,863348,8,3,0,1
34,27,453497,3,120,0,1
29,25,735315,12,229,0,1
69,52,1277416,12,297,0,1
41,68,162740,9,218,0,1
46,21,1461649,8,181,0,1
60,18,132827,14,277,0,1
42,39,126209,14,256,0,1
53,15,598506,11,42,1,1
43,53,1246230,10,17,1,1
55,38,1221972,14,197,0,1
18,48,310033,9,176,0,1
37,52,1031310,2,75,1,0
45,28,321519,4,180,1,1
33,16,1314008,4,149,0,1
64,16,1398716,6,81,0,1
34,35,589339,11,9,0,1
57,17,663153,3,279,1,1
45,52,761818,10,211,1,1
29,12,895583,14,139,0,1
44,48,810229,12,259,1,1
59,22,1017191,11,227,0,1
64,49,333542,3,4,0,0
47,52,1482744,12,82,0,1
58,1,143183,14,5,0,1
51,66,948755,12,151,1,1
54,64,486122,0,222,1,0
23,8,190254,5,180,1,0
24,25,314038,3,262,0,1
49,66,671572,10,265,1,1
49,70,202491,14,166,0,1
42,51,1184684,9,77,0,1
50,53,1384129,9,41,0,1
24,15,902373,4,61,0,1
69,50,1045859,13,277,1,1
29,71,697124,14,30,0,1
33,38,449863,14,3,0,1
33,40,264805,10,108,1,1
60,66,453435,8,92,0,1
53,39,340002,3,98,0,0
30,17,1237174,0,191,0,0
24,7,1032114,14,211,0,1
53,39,104554,10,82,0,1
64,68,492889,8,206,1,1
68,35,1067643,4,114,1,1
26,51,424115,9,251,0,1
49,47,408203,12,60,0,1
28,36,499987,11,252,1,1
25,64,169468,12,78,0,1
50,13,650343,10,195,1,1
40,18,889999,6,261,1,1
42,21,1175203,2,295,1,0
25,65,269640,3,235,1,0
62,8,1038264,11,168,1,1
39,48,785345,9,6,0,1
21,43,179944,8,21,0,1
57,53,1243944,9,71,1,1
20,27,526954,12,105,0,1
46,19,648492,0,138,0,0
58,23,1096325,11,29,1,1
46,50,1137704,10,88,0,1
51,51,1116015,4,152,0,1
51,43,1165219,7,72,0,1
45,51,432705,9,237,0,1
30,69,1185702,6,250,1,0
32,41,158126,13,7,1,1
40,11,1493144,13,206,1,1
61,52,1273029,3,257,0,0
43,23,407402,6,283,0,0
21,49,920959,0,138,0,0
43,38,1434618,5,45,0,0
57,47,1392253,8,125,1,1
26,7,1074416,2,20,0,1
22,66,562342,3,169,0,0
49,62,243404,7,31,0,1
37,29,336346,11,149,0,1
67,38,420276,4,205,1,0
28,33,588859,4,20,0,0
32,29,1114530,14,289,0,1
49,23,1269549,0,137,0,0
45,3,725921,5,64,0,1
39,45,835268,13,64,0,1
58,8,415308,1,87,1,0
34,29,1117900,0,42,1,0
43,2,250423,5,140,0,1
61,50,326935,4,3,0,1
24,65,682701,12,278,1,1
59,20,904491,4,40,1,0
43,52,350156,8,89,0,1
42,37,870833,11,255,0,1
27,27,298924,14,144,0,1
62,47,706083,9,183,0,1
36,6,877277,9,118,1,1
28,60,1160405,12,112,0,1
30,45,435817,2,290,0,0
25,44,386646,0,248,0,0
57,18,520420,13,91,1,1
21,65,1411985,13,58,0,1
64,25,581037,7,268,1,1
48,27,1041819,14,93,0,1
45,7,409601,11,253,0,1
28,44,206334,4,174,0,1
60,29,222950,10,2,0,1
18,44,604642,4,20,0,0
66,36,352988,7,103,0,1
64,19,950534,7,268,0,1
69,6,810024,10,208,0,1
55,25,302032,1,95,1,0
41,31,568691,2,92,0,0
64,9,375320,9,44,0,1
48,37,689324,9,61,0,1
58,27,782932,0,29,0,1
63,13,386736,14,269,1,1
67,41,1030606,2,9,0,1
43,66,1409105,11,5,0,1
66,24,1305290,3,18,0,1
67,44,1413859,10,11,0,1
22,60,701467,6,191,0,0
37,9,380787,8,102,0,1
69,2,1380202,11,249,0,1
58,56,160117,4,243,1,1
28,30,1308428,11,194,0,1
50,22,1255061,0,264,1,0
67,13,837563,1,133,0,0
55,71,160332,9,176,0,1
44,16,654920,1,98,1,0
51,45,803712,8,29,0,1
32,65,1309056,9,290,0,1
49,11,1107342,6,62,0,1
38,70,711445,1,27,0,0
63,20,1358403,0,145,0,0
22,63,1124602,4,287,0,1
23,12,802240,11,68,1,1
55,62,398987,0,251,1,0
39,42,571530,8,161,0,1
35,69,138930,2,109,0,0
31,58,468084,1,131,1,0
27,5,318729,13,270,0,1
63,27,1075648,12,187,0,1
30,28,1189346,5,19,0,1
48,26,736045,2,275,0,0
47,49,1178734,4,176,1,0
20,21,1458121,9,98,1,1
47,1,603646,13,246,1,1
23,58,1042894,7,17,1,1
46,55,1034260,9,288,0,1
25,26,1039475,1,124,0,0
61,25,1024575,11,152,0,1
62,33,277589,12,68,0,1
60,69,971243,4,145,0,0
61,6,106586,10,44,0,1
50,23,847661,7,19,1,1
34,30,661023,0,290,0,0
65,54,297430,9,246,0,1
28,11,1247101,9,202,0,1
30,31,926080,13,8,1,1
67,6,312151,10,179,0,1
28,11,584715,12,155,1,1
48,12,1447376,11,18,1,1
45,66,119654,12,102,0,1
61,53,831013,11,245,1,1
23,36,754405,3,84,0,0
58,17,1235189,4,233,0,0
33,28,643270,13,134,0,1
21,22,181848,9,36,1,1
52,7,996009,11,91,0,1
65,15,179874,13,291,0,1
43,11,392317,10,16,0,1
29,24,137525,2,89,0,0
28,67,1175904,11,164,0,1
54,30,242432,1,252,1,0
42,70,216242,11,80,0,1
35,66,207576,2,183,0,0
36,61,275966,14,289,0,1
40,41,852746,10,248,1,1
55,51,1165047,4,214,0,0
35,44,1450603,6,157,0,1
43,13,889135,1,178,1,0
23,12,1356335,12,19,0,1
21,9,1331218,14,146,0,1
61,48,585750,13,67,1,1
68,49,1349331,6,76,0,1
46,53,951956,5,101,0,0
51,56,1052019,13,139,0,1
34,40,829128,6,72,0,1
60,24,639439,6,206,0,1
60,33,1197766,8,212,0,1
33,23,570028,6,78,0,1
19,54,680483,13,112,0,1
51,53,1012991,11,252,0,1
25,49,464385,12,132,0,1
30,49,991622,5,196,0,1
59,60,1453770,9,24,0,1
25,65,395120,7,100,1,0
47,32,1149175,6,244,0,1
49,21,551164,5,30,1,1
53,18,1408333,3,289,0,0
64,60,946299,6,255,0,1
47,13,1414429,11,205,1,1
18,24,1404684,7,67,0,1
60,30,1041614,7,214,0,1
56,2,411509,11,121,0,1
34,25,367867,11,45,0,1
37,50,548920,3,68,1,1
41,14,1474840,9,26,0,1
67,6,372460,8,170,0,1
39,30,1254852,2,244,0,1
46,30,915265,8,273,0,1
39,38,358512,2,287,1,0
61,58,1238613,12,248,0,1
26,41,1000282,6,1,0,1
54,57,1267217,3,19,1,1
27,36,219271,4,293,0,0
53,64,341170,12,256,1,1
54,16,832555,14,248,0,1
45,14,417531,2,152,0,1
45,31,101634,1,136,0,0
59,66,769419,11,221,0,1
60,68,563566,7,210,0,1
38,65,740143,13,188,1,1
41,55,1414796,6,231,0,0
59,40,993126,6,135,0,1
57,25,662498,7,15,0,1
19,25,228798,12,113,0,1
25,3,781291,0,263,1,0
65,69,1180583,11,278,0,1
44,26,253816,7,72,0,1
39,40,261468,9,223,0,1
54,38,1499339,11,33,0,1
44,38,595025,13,244,0,1
46,68,1008747,13,237,1,1
20,7,1214614,4,17,0,0
61,30,505972,7,43,0,1
30,19,1146489,8,142,0,1
62,35,351585,12,14,0,1
27,33,599459,1,92,0,0
53,33,777776,2,278,1,0
26,38,530703,5,214,1,1
44,10,196816,8,248,0,1
51,57,1020374,13,70,0,1
68,28,1014374,9,108,1,1
18,38,497974,9,287,1,1
49,16,997774,7,159,1,1
42,21,617514,13,288,0,1
46,6,427282,12,170,0,1
24,41,1198826,5,12,0,0
66,15,1004289,4,219,0,1
20,3,402702,13,184,0,1
37,43,437265,12,208,1,1
37,47,1270716,2,287,0,0
47,14,1373087,11,105,0,1
52,66,1279453,3,211,0,0
52,29,355604,12,231,0,1
66,4,432003,12,212,0,1
56,26,462486,6,195,0,0
44,12,804105,6,248,0,1
43,2,891893,2,263,0,0
31,17,1189407,3,216,0,0
34,35,1199713,2,262,0,0
35,10,920462,14,169,0,1
62,43,236803,14,155,1,1
69,21,121500,1,69,0,0
46,15,1355087,5,233,0,1
37,35,657405,6,53,1,1
44,60,194138,3,169,0,0
35,44,1310822,4,35,0,1
21,5,657496,7,258,1,1
18,18,446872,8,250,1,1
67,21,1233058,6,12,0,1
18,51,1174536,9,158,1,1
43,41,1027751,13,28,0,1
62,24,348093,0,56,1,0
37,24,126038,10,160,0,1
69,38,746520,13,265,0,1
40,44,434629,2,229,0,0
27,57,820014,10,192,1,1
28,59,682061,4,107,1,0
58,34,707679,2,257,1,0
58,23,1201209,14,109,0,1
22,43,250636,0,129,0,0
18,40,1096173,1,122,0,0
34,47,132803,7,115,0,1
39,41,850681,6,229,0,1
51,47,1002140,12,292,1,1
62,20,229997,9,232,1,1
58,65,162759,2,233,0,0
46,68,1254889,3,295,1,0
21,24,962920,13,190,1,1
22,36,479949,12,24,0,1
28,45,1347719,2,165,0,0
68,2,489289,12,292,0,1
38,28,1107761,3,209,1,0
52,26,1481219,7,26,0,1
29,23,702531,8,177,0,1
43,36,1292508,6,43,0,1
68,6,182946,8,71,1,1
36,35,742641,13,221,0,1
62,38,1166246,8,227,0,1
24,35,1233342,6,232,1,1
64,53,1058784,6,267,0,1
24,38,1238270,7,253,0,1
43,59,1434530,11,162,0,1
57,43,209660,9,5,0,1
22,4,1387970,11,46,1,1
38,5,538804,11,67,0,1
31,68,902365,2,253,1,0
21,45,1047538,7,58,0,1
40,25,1412667,0,118,0,0
59,11,906147,12,185,0,1
37,29,1366828,14,47,0,1
32,34,705134,5,190,1,1
67,14,843346,1,264,0,0
69,24,902735,6,171,0,1
62,59,910463,12,45,1,1
46,39,719074,2,142,0,1
25,26,187389,10,245,1,1
58,43,404851,9,215,0,1
65,36,437905,4,175,1,0
36,39,876202,9,144,1,1
65,61,247712,1,34,0,0
56,16,393679,0,131,0,0
63,59,713968,4,152,1,0
45,6,370109,8,47,0,1
63,56,506946,14,167,0,1
44,8,129553,8,177,1,1
21,27,480946,6,262,0,0
32,71,1145940,13,94,0,1
52,27,381080,8,290,0,1
54,46,338625,3,229,0,0
18,41,490122,2,190,1,0
20,25,1275806,10,143,0,1
64,18,1104157,3,163,1,0
41,12,148848,14,18,0,1
44,51,364186,6,67,1,1
57,39,923692,7,97,0,1
53,10,398470,1,6,0,0
51,54,1191157,4,176,0,1
46,29,1283306,4,205,0,1
41,41,706143,12,298,0,1
41,9,446758,8,287,1,1
59,63,792908,12,228,0,1
21,37,775028,12,118,0,1
20,14,335328,14,269,0,1
51,39,1040050,12,80,0,1
66,40,675606,2,159,1,0
40,54,1144270,11,187,0,1
69,3,923597,5,187,1,0
40,55,587650,14,193,0,1
62,33,294042,9,259,1,1
22,71,1112947,11,190,0,1
48,19,931843,4,288,1,1
58,34,588124,1,105,0,0
23,50,573574,1,128,0,0
54,47,329014,3,96,0,0
27,46,307070,11,63,1,1
57,56,1006999,3,127,0,0
24,57,139906,14,222,0,1
56,51,753811,6,292,0,0
55,54,1129141,13,103,0,1
38,28,371686,11,151,0,1
37,19,501772,13,113,0,1
20,27,349699,0,54,0,0
68,48,1325771,10,120,1,1
39,19,178342,5,216,0,0
64,51,480031,10,122,0,1
21,7,797946,12,2,0,1
45,29,750369,8,91,1,1
29,43,114864,1,163,0,0
55,69,360281,11,118,1,1
68,58,1469709,4,60,0,0
53,8,1182325,9,213,0,1
64,42,1208315,14,246,0,1
58,42,1322644,10,234,0,1
22,13,595072,9,288,0,1
30,26,903737,3,77,0,0
40,18,177474,3,23,1,1
67,42,1427038,7,100,1,1
47,51,152810,13,250,0,1
54,16,316987,5,122,0,1
42,3,1270328,6,214,0,1
65,45,1210376,10,261,0,1
44,22,695230,11,122,0,1
68,23,183394,8,251,0,1
31,59,655104,12,157,0,1
65,62,1161426,2,148,0,0
64,68,533082,10,64,0,1
53,54,415063,1,3,1,0
56,57,127428,2,173,0,0
33,23,476304,14,135,1,1
39,60,959254,7,243,0,1
38,55,1486324,12,59,0,1
38,63,842068,8,44,1,1
25,56,1455228,9,71,0,1
66,55,1303134,4,94,0,1
33,25,750087,7,30,0,1
48,26,195933,13,155,0,1
59,49,522727,10,239,1,1
27,63,864236,6,63,0,1
49,45,896434,11,108,0,1
51,39,168737,13,67,1,1
26,65,1116560,11,34,0,1
34,69,913480,12,250,1,1
28,56,795684,8,35,0,1
49,9,490056,3,131,0,0
27,70,822237,14,221,0,1
39,28,703805,12,166,1,1
34,45,745731,9,273,0,1
21,26,587377,2,59,1,0
65,28,746704,8,112,0,1
69,40,367709,7,220,0,1
64,15,1491203,14,278,1,1
42,6,326685,6,67,0,1
38,27,1220629,0,262,0,0
54,38,1488085,1,268,1,0
55,68,1129768,8,130,0,1
66,64,467395,4,266,0,0
18,30,1162366,0,207,0,0
42,3,755347,8,211,0,1
68,62,1130547,0,50,0,0
53,12,1323387,7,287,1,1
34,30,627956,4,41,0,1
58,38,1487000,13,246,0,1
41,60,185058,10,194,0,1
19,38,348553,11,243,0,1
57,15,743269,5,199,0,0
32,18,884642,0,120,1,0
49,52,175440,1,202,0,0
56,29,1175497,6,105,0,1
23,60,1465271,1,249,1,0
18,21,116683,4,288,0,0
64,17,1226528,10,78,0,1
40,18,639121,8,164,0,1
56,57,118290,4,118,0,1
34,37,1118293,11,56,0,1
51,60,1385411,2,187,0,1
58,38,171656,10,51,0,1
46,12,665541,12,71,0,1
26,1,1097291,5,240,0,1
30,58,282097,6,99,0,1
23,3,849230,9,154,1,1
23,63,1351356,13,58,1,1
37,21,839368,10,274,0,1
69,23,973663,9,258,0,1
20,9,204791,10,200,1,1
34,55,831951,7,294,0,1
66,19,657004,14,283,1,1
29,62,1417600,2,175,0,0
65,39,577060,10,97,0,1
64,27,1302492,3,181,1,0
62,46,187941,9,271,1,1
18,34,751956,3,34,0,0
34,33,1272816,1,86,1,0
20,50,1038208,14,157,0,1
43,20,545862,6,115,1,0
32,40,410325,11,7,0,1
53,58,1310237,3,106,0,0
49,31,450116,3,106,0,1
49,38,1232138,14,113,0,1
21,45,836589,14,9,0,1
35,41,858860,12,283,0,1
66,9,1293498,11,59,0,1
36,9,1188343,7,265,0,1
60,63,107322,5,101,0,0
69,22,922343,5,62,0,1
52,16,801940,10,174,0,1
57,32,165265,8,196,0,1
31,66,1215494,3,221,0,0
50,14,520722,8,189,1,1
31,38,590600,0,127,0,0
51,8,270954,10,45,0,1
21,21,946942,8,68,0,1
41,56,928634,14,57,0,1
46,46,232777,0,215,0,0
36,43,602911,14,114,1,1
23,46,1097575,6,9,1,0
50,48,1488385,5,268,0,1
66,70,1273135,6,291,1,1
57,31,543683,8,85,0,1
36,33,524001,9,146,0,1
18,44,600279,3,117,0,0
22,71,364848,11,134,0,1
44,8,159092,8,14,1,1
33,2,688393,2,205,0,1
23,17,780583,9,232,0,1
57,52,258456,10,65,0,1
30,45,1211569,10,3,1,1
65,37,470177,8,2,0,1
52,42,1166930,12,258,0,1
36,44,935209,0,202,0,0
29,38,1364330,13,239,1,1
33,6,252973,4,92,0,1
60,68,1142201,14,283,0,1
27,51,1086141,9,22,0,1
42,35,902947,4,285,1,1
37,58,1152149,0,86,0,0
48,57,584260,0,50,0,0
21,6,584737,2,296,0,1
61,13,1192491,8,42,1,1
40,59,1071284,6,203,0,0
19,30,367204,5,57,0,1
39,2,1328742,8,58,0,1
68,58,229471,3,167,0,1
54,36,1074403,3,173,1,1
25,45,1203997,2,206,0,0
24,9,1194186,4,110,0,1
31,65,172168,4,22,0,0
20,50,1122563,11,232,1,1
67,32,406042,13,274,0,1
33,43,105589,9,171,0,1
36,54,635900,6,10,1,0
68,47,147611,6,59,0,1
35,14,905849,14,231,0,1
69,48,1357199,5,234,0,1
33,55,1141095,3,2,1,0
25,29,314463,6,143,0,1
50,47,374035,13,229,0,1
66,63,848658,1,8,0,0
29,19,1482851,12,296,0,1
28,9,424237,11,293,1,1
22,37,347368,8,192,1,1
44,52,997561,6,290,1,1
29,57,1078670,1,126,1,0
34,28,445961,9,47,1,1
23,36,364336,1,106,0,0
50,64,1324680,12,263,0,1
22,18,1136284,5,252,1,0
45,35,932792,10,26,0,1
31,68,425396,6,8,0,1
22,39,853205,8,219,0,1
50,8,652960,14,157,0,1
67,15,628044,3,13,1,1
65,7,335437,7,28,1,1
58,17,319526,13,25,0,1
36,64,1137577,9,213,0,1
39,12,694318,14,142,0,1
22,56,658335,12,114,0,1
19,46,1342039,1,217,1,0
47,47,1415884,5,80,0,1
64,16,395766,3,200,0,0
56,69,922412,7,66,1,1
21,2,1069242,8,248,1,1
50,54,178066,1,143,0,0
30,27,299948,6,140,1,1
37,31,1006379,6,95,1,1
24,41,1340220,7,117,1,1
32,36,1499380,12,184,0,1
40,47,1256691,4,291,0,0
31,43,657331,10,244,1,1
40,65,1365431,12,200,0,1
36,50,1214826,2,277,1,0
46,1,1339072,0,109,1,1
37,57,1332526,3,211,0,0
46,16,588896,2,258,0,0
41,28,1391167,1,163,0,0
35,22,185898,5,96,0,1
27,41,862717,6,209,0,1
58,19,190034,9,35,0,1
25,50,718211,6,265,1,1
43,59,634561,11,99,1,1
46,69,518246,7,20,0,1
27,34,1013851,12,216,1,1
34,39,676748,13,103,0,1
19,7,886228,1,111,0,1
23,52,1225515,13,218,1,1
22,60,573789,10,119,0,1
45,52,250111,11,248,1,1
58,24,114017,9,95,0,1
22,26,1231477,12,187,0,1
35,10,925647,5,143,1,1
43,17,899015,12,27,0,1
37,2,409169,5,5,1,1
58,27,799614,9,261,0,1
66,71,157943,11,229,1,1
44,48,269488,0,121,0,0
66,9,625799,1,193,0,0
29,23,182151,12,104,1,1
24,71,590341,8,198,0,1
20,27,648513,7,61,1,1
27,71,514062,11,283,1,1
51,43,1177728,12,79,0,1
42,7,992485,3,174,1,1
52,63,1214683,5,8,0,1
33,44,1067858,1,179,0,0
19,39,748675,11,270,0,1
41,40,1471630,4,161,1,0
27,7,341608,1,275,0,0
55,70,142530,14,205,1,1
39,25,1489473,12,59,0,1
43,59,141999,4,185,0,0
60,13,1155185,6,74,0,1
56,62,814129,6,93,0,1
44,8,802757,8,66,0,1
46,45,603793,2,1,1,0
64,18,411466,11,177,0,1
55,60,891583,3,141,0,1
37,60,630694,8,43,0,1
44,2,1473398,13,173,1,1
58,66,671350,7,294,1,0
37,14,788316,11,230,0,1
61,48,735665,6,235,1,1
36,56,1464550,7,92,0,1
37,12,1352329,8,43,0,1
52,55,859591,11,26,0,1
64,28,1378551,3,271,1,1
19,4,637421,4,38,0,0
47,36,374353,8,288,1,1
51,50,351061,6,247,0,1
39,3,349336,13,49,0,1
20,1,1372149,3,282,0,0
23,17,1485401,5,208,0,1
32,71,868021,10,123,1,1
44,62,929017,0,248,0,0
27,48,644933,0,283,0,0
26,62,112521,8,150,0,1
50,69,973846,14,63,0,1
49,19,1014864,7,240,0,1
65,34,924653,14,166,0,1
23,49,1248707,12,239,1,1
58,47,379067,0,48,0,0
53,50,706049,12,186,1,1
19,26,893634,14,147,1,1
46,56,457819,10,188,0,1
21,14,585693,1,110,0,0
18,25,1259019,12,264,1,1
36,4,635506,3,278,0,1
43,32,1456412,0,236,0,0
42,65,283761,1,158,0,0
27,61,721436,4,59,0,1
32,20,368860,7,74,0,1
39,10,880736,5,227,0,1
68,34,1426808,14,153,1,1
65,61,655289,5,286,1,0
38,27,890718,3,240,0,1
39,40,1284387,1,226,0,0
53,65,130158,2,168,1,0
51,33,986825,12,283,0,1
47,68,629893,5,261,1,0
42,71,1205068,5,289,1,0
62,9,598342,4,8,0,0
45,16,1151897,5,97,0,1
18,5,799901,10,11,0,1
66,23,1069205,5,271,0,1
62,43,854880,12,70,1,1
21,57,680333,0,134,0,0
24,51,590226,5,258,0,0
66,13,1144569,4,4,1,0
26,24,1401561,7,238,0,1
53,11,1403175,8,293,0,1
36,52,725389,13,98,0,1
18,17,362962,5,150,1,0
27,37,1157010,12,257,0,1
53,13,483638,11,148,0,1
26,62,654859,11,141,0,1
62,8,1451414,9,250,0,1
63,56,218792,3,233,0,0
59,70,1194061,2,131,0,0
49,44,767429,9,46,0,1
49,60,157198,11,93,0,1
23,41,1056166,0,248,0,0
65,21,451114,6,19,0,1
55,42,1069673,4,179,1,0
34,29,172928,3,271,1,0
27,65,509318,8,135,1,1
67,17,1050961,6,236,0,0
44,30,1498518,9,189,1,1
67,26,152290,12,211,0,1
52,53,746952,7,63,1,1
69,19,1029436,3,163,1,1
38,53,1403204,9,37,0,1
42,17,1161868,11,214,0,1
45,46,317295,9,18,0,1
64,53,802991,7,253,0,1
32,64,356817,3,73,0,0
21,45,608906,14,140,0,1
46,49,1221520,0,16,0,0
26,19,1093734,10,94,0,1
44,71,468590,14,233,1,1
43,65,1183109,7,87,0,1
36,37,1273009,0,297,0,0
45,70,498994,12,50,0,1
34,26,659347,11,244,1,1
60,2,484562,2,112,0,1
58,59,1109601,6,7,0,1
59,5,235938,2,36,1,0
67,37,1330384,12,46,0,1
37,31,1182651,7,99,1,1
62,48,593605,4,172,0,1
57,6,328594,2,240,0,0
56,15,952259,4,190,0,0
66,15,693510,4,233,0,1
40,61,341955,7,280,0,1
64,16,949277,11,234,1,1
49,20,320758,8,125,1,1
69,44,1157345,5,177,1,1
64,42,719657,9,172,0,1
50,46,562661,2,119,0,0
63,34,1198951,1,29,1,0
22,64,1049582,10,47,1,1
60,29,112268,2,178,1,0
65,3,241916,8,93,1,1
51,9,1484894,6,54,1,1
57,25,816123,14,235,0,1
28,42,989109,10,286,0,1
67,46,766593,10,73,0,1
20,59,1396915,8,121,1,1
50,21,916928,12,56,0,1
28,22,511022,14,272,1,1
33,29,795686,5,138,1,0
35,63,1227383,7,198,1,1
47,61,794873,9,208,0,1
65,64,807121,10,272,0,1
27,69,905897,8,137,0,1
35,40,1169886,2,133,1,0
55,1,354740,6,15,1,0
36,65,492445,8,102,1,0
53,62,1395077,1,242,1,0
30,54,979950,11,89,0,1
63,60,109764,6,3,0,1
20,46,286668,4,61,0,1
27,5,1388845,7,211,1,1
55,22,1382675,3,247,0,0
18,53,1127412,0,191,0,0
44,70,1369227,10,55,1,1
63,32,596723,12,288,1,1
25,11,1282624,14,30,1,1
68,10,238498,9,0,0,1
63,39,1040391,7,197,0,1
59,31,650998,14,44,0,1
34,12,540686,5,46,1,0
26,38,237558,12,221,0,1
23,67,794618,7,285,1,1
60,66,347704,2,80,0,0
42,52,384767,7,279,0,0
56,5,1434526,7,286,1,1
66,11,1023477,11,283,0,1
45,25,355223,0,188,0,0
50,35,738450,3,38,0,1
54,35,260229,6,82,0,0
26,22,629809,12,175,0,1
35,37,899323,13,8,0,1
38,55,706619,10,277,1,1
19,64,122474,0,257,0,0
60,20,781867,2,271,0,1
55,4,110687,2,260,0,0
57,18,722838,5,179,0,0
53,51,450906,4,153,0,0
67,68,986907,11,14,0,1
60,20,1455011,10,66,0,1
54,9,1196872,14,186,0,1
32,26,664513,6,62,0,1
45,25,580854,2,280,1,0
35,68,1183404,10,40,0,1
51,41,529318,0,27,0,0
39,59,342463,10,276,0,1
28,45,1073846,14,220,0,1
30,41,388967,2,216,0,0
21,38,977806,7,221,1,1
39,19,1490894,4,60,0,1
24,14,1448772,14,102,0,1
60,21,909697,2,184,1,0
41,15,928444,13,146,0,1
21,3,1421636,7,74,0,1
45,37,589854,5,0,0,0
32,46,540875,14,161,0,1
18,16,1238436,2,16,0,1
20,14,848839,13,242,0,1
31,9,666922,4,18,1,0
55,7,853997,0,58,0,1
67,14,174992,5,200,0,1
18,6,373513,14,114,1,1
55,15,309826,13,202,1,1
55,52,1497420,11,293,0,1
38,34,1160986,12,30,0,1
65,1,1309378,13,193,0,1
46,69,495881,8,105,1,1
22,20,1317351,11,125,1,1
66,7,559167,6,102,0,1
27,7,1378659,14,162,0,1
45,50,779532,10,120,1,1
38,2,626972,12,239,0,1
67,47,566246,7,94,1,0
24,14,1037254,5,207,1,0
20,31,1430607,10,148,1,1
62,50,776186,4,192,0,0
64,61,933211,14,141,1,1
37,41,430239,11,271,0,1
36,14,817648,5,200,0,1
52,5,534121,6,161,0,1
21,5,1276086,8,108,0,1
22,64,1428833,7,262,0,1
18,29,405005,4,209,1,0
21,5,964919,14,148,1,1
29,36,495799,6,255,1,0
44,19,322236,7,198,0,0
59,64,388394,0,185,0,0
40,22,1483057,7,164,1,1
42,34,1276191,10,107,1,1
38,56,1250831,6,82,1,1
69,17,1385251,10,79,0,1
41,56,189376,11,252,1,1
42,17,634221,11,24,1,1
62,18,669335,1,282,0,0
63,45,628425,1,50,0,0
49,56,537372,11,107,1,1
49,50,857011,5,237,0,0
22,58,921186,2,185,0,1
53,18,647651,0,79,0,0
63,7,601166,14,95,0,1
59,10,988522,7,149,0,1
66,69,179951,6,5,0,1
59,3,885338,3,21,0,0
56,44,418558,13,219,1,1
33,70,741447,0,11,0,0
50,14,1326700,1,282,0,1
66,4,1235510,8,191,0,1
38,18,132691,3,224,1,0
26,52,317252,2,166,0,0
23,38,366027,7,115,0,1
68,20,315932,3,147,0,0
62,44,213655,6,35,1,1
52,51,907977,14,244,0,1
56,19,380348,12,129,0,1
39,68,1171844,13,239,1,1
58,66,348562,13,104,0,1
22,13,708671,13,166,0,1
59,62,877270,4,41,0,1
40,61,1386479,4,253,0,0
34,30,1355300,10,204,0,1
29,30,350736,5,194,0,1
40,51,1113165,11,170,1,1
33,48,219755,12,249,0,1
20,33,1439156,3,103,0,1
47,19,615405,1,38,1,0
39,71,561540,5,235,1,0
26,57,853045,12,133,0,1
46,19,562358,4,251,0,1
64,41,186842,2,169,0,0
54,42,700657,3,282,1,0
40,52,711821,2,206,0,0
30,4,1182097,2,142,0,0
49,4,1375132,3,18,1,0
63,5,500704,1,189,0,0
69,41,1450694,3,63,0,1
64,61,486044,9,229,0,1
65,55,142448,10,174,1,1
40,13,282185,1,19,1,0
62,14,204262,13,275,0,1
34,60,508986,9,225,0,1
57,25,1332283,7,230,1,1
38,44,827531,9,100,1,1
19,10,829525,4,226,0,1
54,71,149934,12,293,0,1
23,50,1476246,6,37,1,1
61,44,907919,10,64,0,1
35,14,1332967,3,75,0,0
47,15,899301,9,191,0,1
39,16,1354403,5,122,1,1
50,2,1320445,12,124,0,1
47,30,811658,11,26,0,1
34,30,1230785,13,102,1,1
60,31,1230875,9,275,0,1
49,20,240642,3,59,0,0
59,49,1084998,14,167,0,1
68,35,190177,5,82,0,0
31,23,447983,0,5,0,0
27,61,777946,5,163,0,0
64,55,863759,5,201,0,0
68,67,1049200,1,176,0,0
53,8,697228,11,155,1,1
51,40,226731,9,277,1,1
26,59,1246958,9,101,0,1
59,32,310674,8,79,1,1
45,7,533951,14,193,1,1
28,2,1353023,5,280,0,0
31,6,486009,11,90,1,1
56,36,1068141,14,66,0,1
64,32,1170705,10,214,1,1
36,45,1179421,12,144,1,1
32,42,179449,6,39,1,1
45,53,872668,1,211,0,0
41,9,1084004,1,285,0,0
25,49,1282321,1,58,0,0
60,2,334669,9,27,0,1
26,67,131171,12,46,0,1
64,11,713467,10,236,0,1
50,50,241696,8,116,1,1
50,35,559980,2,150,1,0
36,15,733194,12,82,1,1
20,31,677218,3,56,0,1
27,62,789968,0,216,0,0
57,28,1198225,0,219,0,0
64,25,837816,3,284,0,1
59,25,1037193,13,241,0,1
18,1,687791,1,98,0,0
46,59,797484,7,241,1,0
67,69,1025091,12,202,1,1
51,42,496743,3,36,1,0
68,34,788427,2,245,0,0
30,66,151538,2,127,0,0
18,18,1128398,5,134,1,1
51,5,1186031,11,63,0,1
46,20,644531,12,273,0,1
65,66,748081,5,28,0,1
64,62,997803,5,225,1,1
30,32,1223224,5,59,0,1
65,58,394203,7,53,0,1
66,50,1338515,7,148,1,1
46,38,697066,8,57,0,1
56,55,437621,0,35,1,0
41,28,644289,9,144,0,1
43,22,102700,7,249,1,0
34,43,543373,4,79,0,1
24,36,1035589,2,14,0,1
30,52,557099,10,39,1,1
22,36,1337795,9,80,0,1
43,28,375483,2,192,0,0
66,58,1033338,5,165,0,0
20,36,349126,7,203,0,1
24,70,1440263,9,210,1,1
66,9,922362,1,257,0,0
56,21,1058578,11,114,0,1
18,64,291745,8,232,0,1
66,61,129044,4,76,0,1
34,40,440817,4,95,0,1
60,56,1052409,0,97,1,0
42,4,547220,5,55,0,1
20,31,1342409,12,117,1,1
32,27,826844,10,118,1,1
46,58,1115607,10,37,0,1
60,25,852767,4,184,1,0
49,69,183725,6,241,1,1
43,70,1105837,6,50,1,1
33,5,1086609,3,126,0,1
42,8,388156,4,102,0,0
45,9,1081200,9,228,1,1
26,15,964945,13,210,1,1
18,7,721873,7,84,0,1
46,15,1170270,1,273,1,0
39,37,799748,0,26,1,0
33,39,313440,13,71,0,1
58,6,132835,5,94,0,1
68,57,298470,10,75,0,1
61,19,1146285,13,5,1,1
68,63,1390706,3,89,0,0
58,31,406535,12,79,0,1
24,10,1254434,9,221,1,1
31,67,1063292,2,82,0,0
46,62,682899,6,81,0,0
36,3,1422922,7,151,0,1
36,18,818728,10,44,0,1
19,25,1141426,11,211,0,1
58,20,334891,3,70,0,1
62,58,623492,11,262,1,1
32,50,919567,11,57,0,1
20,10,1236697,14,56,0,1
28,21,213944,9,110,1,1
63,29,356556,11,141,0,1
47,10,163535,10,55,0,1
57,13,508113,10,11,0,1
35,47,479472,14,14,0,1
68,23,1038795,5,7,1,1
65,50,591578,12,230,1,1
19,4,546624,10,185,1,1
49,67,567046,10,52,1,1
25,53,1022011,14,136,0,1
39,2,1046358,1,173,0,0
23,68,1261632,7,218,0,1
29,65,1426195,5,262,0,1
64,57,179870,10,254,0,1
57,70,184366,8,299,0,0
53,7,223836,10,269,0,1
32,19,606634,12,74,0,1
45,44,192814,12,223,0,1
69,63,1495005,5,91,0,1
66,65,851407,5,133,0,0
62,39,1120509,11,162,0,1
35,26,1188761,1,197,0,0
19,44,601078,4,188,0,0
30,12,196682,8,72,0,1
62,22,257499,0,205,0,0
32,14,731806,3,30,0,1
37,30,679823,9,118,1,1
46,44,1258202,9,282,0,1
59,38,819050,13,158,1,1
46,59,376204,2,254,0,0
20,42,1293255,0,244,0,0
36,52,1118142,0,105,1,0
20,63,687848,14,197,0,1
31,61,1343861,0,119,0,0
57,34,713898,0,81,0,0
21,39,292848,14,269,1,1
69,41,1328512,12,186,0,1
28,37,1364957,1,275,0,0
48,65,1139239,10,51,1,1
60,32,668376,4,295,0,1
49,8,553251,1,67,0,0
44,18,111683,3,299,0,0
47,45,1020466,8,133,0,1
60,33,987063,2,119,0,0
19,5,326608,1,56,0,1
66,36,587889,3,185,0,0
26,23,669609,8,71,0,1
45,40,425709,3,157,0,1
48,5,744742,14,227,1,1
51,34,1135915,11,233,0,1
32,24,799221,4,10,0,1
65,17,1130618,3,174,0,1
42,71,706383,12,260,0,1
53,22,1262186,7,130,1,1
25,15,800323,13,1,0,1
26,15,564443,12,248,0,1
54,25,1152108,14,199,0,1
65,53,214527,14,181,0,1
62,21,513949,3,126,1,0
56,66,1494183,1,296,0,0
49,32,883238,11,196,0,1
69,21,572234,3,285,0,0
34,68,1371865,1,43,0,0
52,44,1416176,8,9,0,1
54,66,103413,10,224,1,1
36,14,783297,13,215,0,1
61,15,120563,7,210,1,1
46,20,399719,8,285,0,1
24,34,359605,3,216,0,0
45,36,1155962,0,48,0,0
26,9,1248820,2,162,1,0
45,71,159150,6,192,0,0
23,30,1012485,0,144,0,0
46,63,1314919,10,158,0,1
34,35,805170,7,179,1,1
33,13,700854,8,25,1,1
40,46,244210,7,99,0,1
48,56,1278125,4,110,1,1
20,9,1327017,11,269,0,1
38,36,1295294,10,50,0,1
43,3,1237534,13,14,0,1
53,19,438325,11,127,0,1
59,28,1105449,12,139,1,1
54,23,885578,14,241,0,1
39,7,1449986,8,45,0,1
59,14,450412,3,233,1,1
29,46,1357379,8,71,0,1
59,15,1363906,0,94,0,0
30,67,1165070,11,284,0,1
28,15,514787,10,131,0,1
33,51,396630,2,280,0,0
25,8,319508,3,31,1,0
57,69,685923,10,36,0,1
57,62,231197,9,125,1,1
62,51,148814,0,137,0,0
19,63,747429,11,99,0,1
47,68,1036822,5,241,0,1
47,16,162363,12,244,0,1
29,24,143162,14,26,1,1
27,6,347364,3,208,0,1
61,57,751371,3,98,0,0
28,31,631878,0,136,0,0
32,6,396994,4,186,1,0
33,29,505350,8,35,1,1
34,67,492235,5,117,0,1
43,3,911662,14,157,0,1
19,28,901490,7,274,0,1
67,48,1228413,10,168,1,1
29,10,1251973,3,54,1,1
68,33,1437759,8,83,0,1
43,67,352903,6,5,1,1
40,69,821180,13,255,0,1
35,12,1449054,13,197,1,1
49,57,143525,6,151,1,0
66,44,226681,7,169,1,1
55,13,783803,1,247,0,0
64,24,890404,11,248,0,1
20,44,164936,5,149,1,0
55,57,209877,6,209,0,0
20,16,391663,2,227,0,1
47,21,1108744,7,243,1,1
18,51,464561,0,140,0,0
47,21,573130,0,119,0,0
62,60,1486584,9,292,0,1
49,51,1204457,2,179,0,1
45,21,386876,5,124,0,1
38,6,773033,6,241,0,0
63,65,175909,1,211,0,0
30,58,348271,13,16,0,1
44,6,1154296,5,15,0,1
53,65,1002275,11,256,1,1
24,34,151940,4,285,0,1
39,56,696050,14,279,1,1
27,3,1348160,5,45,0,1
56,42,269091,0,257,1,0
32,62,595019,13,142,0,1
32,6,709121,9,284,0,1
21,6,1428926,6,12,0,1
49,63,762331,7,44,1,1
40,20,568259,13,46,1,1
23,21,882277,6,15,1,1
41,2,1043228,8,106,0,1
37,56,974134,0,2,0,0
54,10,977742,9,103,0,1
37,70,679443,8,94,0,1
29,23,1277067,10,132,0,1
50,30,766468,10,270,0,1
45,37,701901,12,200,0,1
25,55,1087215,14,253,1,1
18,49,156938,2,182,0,0
54,34,725451,1,149,0,0
39,44,1479218,5,36,0,1
23,22,328861,10,138,1,1
38,31,642039,4,99,1,1
49,7,301818,14,235,0,1
52,21,1443110,3,83,0,1
32,16,463357,3,32,0,1
22,20,208712,7,120,0,1
63,43,160403,9,29,0,1
67,44,913291,12,33,0,1
65,47,723412,2,132,0,0
23,19,750228,12,207,1,1
42,48,913532,0,139,0,0
63,69,553192,4,75,0,0
57,11,1057527,7,74,0,1
46,29,540925,2,57,1,0
24,45,1465244,1,97,0,0
57,68,709337,0,124,0,0
30,36,669262,12,133,1,1
55,48,277550,3,225,0,0
35,15,940200,10,199,0,1
19,44,598909,1,36,0,0
25,67,775144,13,137,1,1
28,40,1145875,7,207,0,1
50,14,1075740,10,193,0,1
55,63,177678,12,55,0,1
65,51,1460855,14,86,0,1
44,58,1173734,9,94,0,1
37,15,171587,11,195,0,1
29,65,1021619,8,191,0,1
60,55,1102064,12,143,0,1
48,10,159317,9,9,0,1
44,42,1135609,0,240,0,0
49,11,980658,14,148,0,1
27,16,925787,1,139,1,0
20,19,984388,5,12,1,1
62,31,798735,12,253,0,1
44,53,822779,9,80,0,1
52,8,108338,11,209,0,1
48,24,364621,6,219,1,1
32,8,834031,1,58,1,0
33,48,404567,7,127,0,1
30,30,438117,12,261,1,1
66,58,1092542,9,267,1,1
52,55,231440,8,28,1,1
69,62,912271,7,281,1,0
28,48,736190,8,67,1,1
38,4,987483,14,206,0,1
68,37,631427,5,271,0,1
28,8,782501,10,174,1,1
47,1,470458,6,217,0,1
65,70,426406,5,159,0,1
52,47,184984,6,243,0,0
39,5,712654,2,252,1,0
55,50,1325971,3,188,0,0
48,24,1434646,8,260,0,1
31,47,196538,2,129,0,0
41,18,213117,1,2,1,0
67,28,899765,11,42,0,1
66,5,379086,12,132,0,1
49,30,835580,10,177,0,1
53,1,1304481,6,265,0,1
49,46,622894,5,23,0,1
32,69,314062,2,21,1,0
60,31,1103462,5,2,1,1
52,70,907962,14,157,0,1
20,56,1195636,6,3,0,1
33,28,1229868,5,106,1,0
22,16,824918,0,295,0,0
38,54,141104,11,271,0,1
27,53,102634,13,231,1,1
36,12,820570,0,237,1,0
42,20,848041,8,71,1,1
21,34,369432,5,87,0,1
46,53,305600,11,15,1,1
36,64,1182829,1,90,0,1
60,23,1013060,14,19,0,1
19,27,127005,10,211,1,1
27,17,872871,0,83,0,0
60,48,411968,10,125,0,1
42,21,439846,11,50,1,1
37,50,324673,1,17,1,0
65,40,546790,7,116,0,1
36,3,553928,4,123,0,1
40,17,784661,6,27,1,1
41,61,679555,6,140,1,1
28,50,103846,1,5,1,0
63,6,163571,3,156,0,0
51,28,224908,1,105,0,0
45,55,282248,6,118,0,0
22,58,1133549,4,136,0,1
22,45,229447,0,28,0,0
68,19,1074132,1,165,0,0
38,29,1175962,5,64,0,1
29,23,729082,13,55,0,1
67,32,1041357,3,285,0,0
21,10,921145,6,95,0,1
66,49,1296439,14,214,0,1
59,65,1226057,1,230,0,0
37,29,1450619,12,57,0,1
55,59,344985,11,183,0,1
42,45,1221823,1,281,0,0
31,67,210295,11,270,1,1
28,51,673933,5,208,1,0
49,11,492435,7,162,0,1
28,6,1440866,12,88,1,1
35,67,497084,0,270,0,0
44,62,1071041,4,96,0,1
35,5,1455014,0,74,1,1
40,9,962028,14,87,0,1
28,28,498649,10,5,0,1
38,38,511038,5,155,1,1
61,43,121294,6,62,1,0
22,21,1232876,5,28,1,1
40,62,301168,13,190,1,1
58,46,968551,12,203,0,1
42,70,967528,8,277,0,1
58,38,759784,2,26,0,0
27,49,140615,7,84,0,1
39,39,1175439,2,209,0,0
36,71,1178045,10,137,1,1
18,30,727389,14,277,0,1
24,21,736901,11,171,0,1
21,1,581156,12,155,0,1
18,32,217456,12,228,0,1
32,8,266247,6,178,1,1
57,69,688160,13,246,0,1
29,30,1086831,12,161,0,1
39,8,283517,4,162,0,1
39,19,1200574,11,217,0,1
67,59,419138,12,285,0,1
64,55,283535,0,75,0,0
34,30,159895,14,203,0,1
46,36,1092669,10,215,0,1
63,55,1181470,11,222,1,1
31,44,646278,3,192,0,0
67,27,1221806,13,292,0,1
37,54,269271,12,191,0,1
67,48,1442907,10,268,0,1
65,30,563130,14,259,0,1
50,39,909985,8,191,1,1
60,13,807647,14,270,0,1
32,16,405924,7,103,0,1
29,44,1253370,2,203,0,1
57,71,1230734,14,183,1,1
37,27,802800,1,216,0,0
47,45,1192886,10,90,0,1
55,35,1385472,8,197,0,1
20,28,1415707,0,38,1,0
45,7,846958,8,196,0,1
43,62,800877,11,78,0,1
47,51,656744,6,216,0,0
30,46,555453,11,93,1,1
30,20,846204,1,171,0,0
19,38,1233974,10,42,0,1
54,61,1075009,4,131,0,1
66,32,304278,13,76,1,1
55,26,741471,1,231,0,0
19,58,451926,14,38,0,1
53,39,1096806,4,53,0,0
43,20,894755,6,150,1,0
28,50,1478113,4,187,1,0
25,52,196123,1,185,0,0
61,22,1239930,10,134,0,1
57,53,554048,13,172,0,1
60,66,1304895,4,268,1,1
39,43,1363724,11,114,0,1
37,23,1371021,11,220,0,1
25,64,370628,9,38,0,1
46,9,261754,13,241,0,1
57,7,227162,5,220,0,1
43,41,443600,14,145,0,1
47,54,679178,4,163,0,0
34,65,637607,1,258,1,0
37,2,610699,5,189,1,1
69,4,469841,5,263,0,1
33,32,226193,11,221,0,1
63,2,1024404,1,173,1,0
60,64,167696,12,91,0,1
24,14,1081759,12,105,0,1
33,20,418629,3,244,0,0
62,49,1270935,6,42,0,1
64,8,237293,0,257,0,0
65,63,125294,0,85,0,0
44,46,1289686,13,96,0,1
40,21,1102691,10,265,0,1
41,32,809009,11,62,0,1
26,8,1156831,10,102,0,1
52,16,711752,5,253,1,1
68,40,541385,6,0,1,0
37,27,1075153,11,153,0,1
54,18,212848,4,260,0,0
59,35,1036402,14,34,1,1
34,52,805443,11,26,1,1
64,15,648143,9,223,1,1
48,63,134758,7,186,0,1
25,53,349416,10,158,0,1
32,66,361272,3,68,1,0
48,31,729382,2,164,0,0
47,61,891815,6,257,0,1
63,64,1393527,13,101,0,1
37,34,160112,3,192,0,0
56,55,1075390,0,258,0,0
29,59,179486,10,297,0,1
66,3,697816,7,298,1,1
34,17,1044321,4,20,0,1
59,46,1329451,12,44,0,1
47,38,1247930,7,275,0,1
46,35,617948,7,170,0,1
36,1,113369,11,177,1,1
63,29,1209004,4,222,0,1
28,4,760404,7,298,0,1
51,61,165123,6,23,0,1
67,17,1093328,12,83,0,1
24,28,977346,2,59,0,1
61,50,238333,14,287,0,1
51,8,1428784,3,121,0,0
37,34,1092839,10,4,1,1
67,59,1348706,11,153,0,1
55,18,1019561,12,280,0,1
41,59,463169,6,85,0,1
27,27,114559,3,74,0,0
49,16,1143996,5,266,0,0
69,10,592461,11,190,1,1
32,22,1427692,1,251,0,0
54,16,141530,11,67,0,1
37,12,1140579,1,145,0,0
20,51,830433,2,121,0,0
54,1,298250,9,41,0,1
57,27,1412085,6,149,0,1
25,67,1385508,2,61,0,0
57,12,936115,11,254,1,1
61,30,1015838,2,130,0,0
40,9,683184,12,19,0,1
57,53,1128571,13,198,0,1
28,61,511217,3,220,1,0
63,54,1369171,14,130,0,1
25,37,685933,9,170,0,1
46,65,1218127,5,144,0,1
47,42,299570,0,180,0,0
27,49,1415560,5,160,1,0
56,4,543280,7,59,1,1
45,64,972422,11,214,1,1
66,51,1154275,14,67,0,1
53,60,1023426,14,191,0,1
30,31,813896,7,224,0,1
49,58,1032366,5,196,0,1
53,4,1293246,5,160,1,0
54,22,560650,12,248,1,1
43,3,1368123,2,110,0,0
39,47,255846,13,58,0,1
21,38,807744,1,32,0,0
48,33,1413542,6,40,1,1
35,48,1054756,7,160,0,1
55,65,714873,9,28,1,1
41,26,187420,12,254,0,1
40,8,375196,13,184,1,1
39,50,1232150,5,223,0,0
19,38,1100015,4,220,1,1
48,10,754459,3,85,0,0
28,42,331224,0,65,0,0
45,37,169915,8,113,0,1
63,26,1418381,10,264,0,1
49,12,295619,9,284,0,1
22,49,434647,3,96,0,1
55,14,719694,1,123,1,0
27,46,1390151,3,155,1,1
57,35,972362,12,109,1,1
63,29,361697,10,52,1,1
41,12,1070504,4,173,0,1
52,44,1036069,1,166,0,1
61,66,1010966,6,75,0,1
65,2,1144601,2,213,1,0
40,59,494048,13,181,0,1
34,17,765545,14,44,0,1
18,10,1283140,7,150,0,1
48,18,289310,3,116,0,1
48,22,683147,11,121,1,1
59,58,1345472,10,169,0,1
59,53,271656,4,165,1,0
51,1,101076,2,148,0,0
26,61,1313787,12,73,1,1
39,31,821970,10,148,1,1
30,31,1317350,4,24,0,1
42,66,886329,8,60,0,1
65,19,259270,10,53,1,1
35,53,477014,12,222,0,1
68,22,617855,13,218,0,1
29,23,932192,1,169,0,0
57,15,1337488,6,188,0,1
34,26,1445996,14,31,0,1
32,3,161913,14,52,1,1
59,20,435752,9,138,1,1
32,40,769312,7,46,1,1
32,39,100318,2,89,1,1
56,18,1488074,10,35,0,1
30,41,388155,3,224,0,0
34,70,380931,12,41,0,1
49,27,474430,10,227,1,1
26,15,985464,9,268,0,1
57,37,464449,1,185,0,0
37,58,1419472,14,234,0,1
43,5,1339498,9,121,1,1
44,7,472526,12,116,1,1
38,41,1246904,8,38,1,1
35,10,772898,2,161,0,0
30,62,899089,14,108,0,1
33,26,181119,8,13,0,1
26,68,383635,12,165,0,1
29,24,1277377,6,111,0,1
61,41,1131652,5,233,0,1
55,65,818835,10,201,0,1
36,17,928612,11,138,1,1
24,24,380684,10,266,1,1
52,27,302587,2,271,0,0
65,7,1156519,10,165,1,1
35,12,371055,6,168,0,1
33,3,1057758,14,256,0,1
56,10,854769,10,123,0,1
21,33,425144,13,37,1,1
42,46,693593,2,248,0,0
49,59,1151055,12,236,1,1
57,52,634400,10,97,0,1
30,6,1087771,5,59,1,1
62,2,817972,7,18,0,1
34,29,570113,4,123,1,0
66,40,607607,10,225,1,1
54,61,671097,10,99,1,1
23,68,360462,12,16,1,1
36,68,132205,2,247,0,0
30,29,583321,5,79,0,1
43,62,1024061,14,84,1,1
31,60,1315746,7,28,0,1
48,41,1056294,9,133,1,1
21,65,210947,2,193,0,0
56,64,921258,11,118,0,1
25,63,750489,12,190,0,1
42,48,974123,13,152,0,1
30,20,740846,10,271,0,1
49,37,863001,10,131,0,1
55,64,196320,4,7,0,1
55,5,918833,8,133,1,1
45,34,504781,13,191,0,1
47,39,862167,13,90,1,1
20,67,164702,9,248,0,1
45,62,1067430,14,251,1,1
20,24,311945,14,62,0,1
62,3,242184,9,215,0,1
51,71,1227873,2,133,0,0
33,67,502101,12,106,0,1
39,50,1137470,11,160,1,1
49,29,1018880,10,257,1,1
55,32,1285587,1,15,0,0
25,39,273021,10,58,1,1
25,9,172353,12,8,0,1
23,14,107430,13,196,1,1
31,68,1305976,7,116,0,1
49,64,1290799,13,9,0,1
52,20,258691,13,6,0,1
27,28,920916,13,193,1,1
20,14,258736,6,122,0,0
29,44,237852,11,62,0,1
66,39,1348515,8,3,0,1
48,28,128604,14,283,0,1
46,64,642050,3,249,0,0
22,32,481416,2,129,0,0
69,9,1303413,9,74,1,1
42,28,294798,4,253,1,1
58,17,842818,10,166,1,1
48,55,1076555,0,200,0,0
38,10,765916,4,167,0,0
37,6,965523,12,283,0,1
56,48,214919,12,50,0,1
39,67,230731,2,55,1,0
21,41,634292,0,72,1,0
30,60,1338604,2,281,0,0
62,42,251882,4,87,1,1
59,71,832084,4,51,1,0
67,28,624535,14,124,1,1
66,13,1348925,9,261,0,1
37,15,391196,11,267,0,1
69,36,1459934,7,62,0,1
30,15,1398559,10,35,1,1
34,56,265391,0,8,1,0
53,4,565058,6,240,0,1
50,52,1348189,4,284,0,1
18,10,1217434,2,89,1,1
32,45,1189341,3,263,0,0
30,29,518086,2,298,0,1
34,53,767826,7,204,0,1
41,29,1460754,3,290,0,0
25,23,1443881,2,210,0,0
67,57,291883,1,277,0,0
44,50,153565,2,206,1,0
62,21,947746,6,93,0,1
40,43,808986,5,198,1,1
63,10,1349415,9,168,0,1
25,30,938361,11,296,1,1
25,51,1373452,12,226,0,1
43,33,560153,4,3,0,0
64,18,632374,7,97,0,1
30,22,1080086,10,192,0,1
56,64,985641,0,265,0,0
54,21,1327417,2,223,0,1
66,1,1266985,1,66,0,1
45,15,811238,1,137,0,0
42,36,444707,11,238,1,1
33,47,579207,10,3,0,1
19,54,1253893,11,101,0,1
35,32,1062059,0,43,0,0
34,58,248010,4,118,1,0
47,46,736643,4,187,1,1
56,54,552718,2,230,0,0
30,33,938977,11,189,0,1
49,39,1323182,11,109,1,1
67,23,995152,8,278,1,1
46,43,115009,11,105,0,1
63,55,916678,5,164,0,1
47,2,1011300,13,125,1,1
35,66,448632,9,97,0,1
30,38,146642,13,119,1,1
60,29,513059,5,298,0,0
38,67,903937,9,142,0,1
47,71,1137722,5,194,0,0
38,36,914454,13,129,0,1
65,29,1079113,1,103,0,0
34,37,285333,10,92,1,1
57,45,1296087,14,296,0,1
36,16,698673,9,221,0,1
69,31,321443,9,199,0,1
32,34,170272,7,287,0,0
26,50,266449,5,257,0,0
69,65,1130483,12,9,1,1
27,62,1132595,14,170,1,1
61,43,1294515,13,100,0,1
48,56,820045,2,109,0,0
40,15,1494201,9,246,0,1
69,48,158527,8,243,0,0
47,49,1159432,1,22,0,0
50,44,1286443,6,224,0,1
69,10,325993,2,261,0,0
26,20,786423,14,268,0,1
64,70,292023,11,20,0,1
18,8,503365,14,119,0,1
61,45,454349,5,119,0,1
52,34,781688,4,197,0,1
28,51,351958,12,135,0,1
51,4,169098,5,76,0,1
33,39,1051127,7,57,0,1
26,24,1059759,13,85,0,1
49,55,1005875,2,0,0,1
32,26,1053893,1,76,1,1
29,25,1021710,7,9,1,1
50,36,818925,0,68,1,0
62,71,989332,1,147,0,0
31,58,491755,9,61,1,1
25,12,907329,0,12,1,0
25,1,1284018,4,185,0,1
44,50,779405,7,164,0,1
29,25,463895,1,9,0,1
18,5,1105274,3,258,0,0
60,68,484062,3,161,1,1
57,6,545800,10,289,0,1
59,26,672959,10,195,1,1
68,55,1144132,6,33,0,1
28,39,823137,0,159,1,0
56,9,1146022,8,84,0,1
60,45,261711,2,57,1,0
48,14,565196,5,264,0,1
34,55,573655,9,296,0,1
50,9,1319231,13,24,0,1
49,15,980111,4,35,0,1
46,37,1146676,3,263,1,0
38,50,1013182,8,113,0,1
38,21,170400,10,104,0,1
57,57,1414954,11,92,0,1
40,19,514556,13,88,0,1
23,58,736739,8,162,0,1
39,6,239598,0,37,0,0
67,4,565594,6,91,1,0
55,43,1445346,9,118,1,1
54,42,1149783,8,210,1,1
62,3,1015762,4,159,0,1
68,1,1231420,0,100,0,1
25,55,555636,7,178,0,1
58,15,1200673,4,283,0,1
66,47,220069,5,296,0,0
52,46,1081918,6,22,0,1
68,58,940023,9,278,1,1
28,71,1025095,6,31,1,0
41,39,1056164,12,137,1,1
66,3,466393,13,80,0,1
38,30,1189035,11,194,0,1
68,35,571300,6,291,1,1
19,57,605193,14,92,0,1
57,29,464475,0,45,0,0
36,50,341832,6,26,1,0
56,62,293171,10,161,0,1
45,52,202599,2,100,1,0
34,14,1455522,4,186,0,0
23,35,380926,9,193,1,1
36,28,996878,4,157,0,0
55,58,1281546,7,8,0,1
45,30,1319716,6,211,0,1
19,7,962735,6,166,0,1
55,39,183956,5,273,0,0
54,69,814014,6,297,1,0
68,35,660411,13,110,1,1
69,52,418342,6,202,0,1
21,14,1392005,14,247,0,1
39,63,415016,4,64,0,0
43,36,104902,4,202,0,1
66,24,257922,3,160,1,1
60,40,1197130,13,132,0,1
53,29,820203,3,177,1,0
30,53,1104660,4,192,0,1
69,22,1287928,9,265,0,1
49,15,1389948,8,59,1,1
34,69,1064477,13,204,0,1
58,64,793089,10,154,0,1
53,4,1181376,11,71,0,1
63,18,858362,5,155,0,0
36,42,829783,7,172,0,1
52,30,1245719,8,61,0,1
63,15,742817,11,204,0,1
57,70,328749,13,59,0,1
45,55,178871,3,85,0,1
18,53,433857,11,142,1,1
59,16,403350,12,6,0,1
35,34,890358,6,294,0,1
65,27,213682,4,178,0,0
57,13,265233,3,226,0,0
50,27,1076755,11,6,0,1
29,69,249479,6,139,1,1
25,31,571777,2,13,0,0
41,3,826960,0,33,0,0
33,30,1205290,6,239,0,1
67,21,1278189,8,96,0,1
21,6,237711,1,267,0,0
55,32,877422,6,125,0,1
61,42,1213122,9,33,1,1
44,62,293948,1,282,0,0
26,32,1005579,12,17,0,1
64,39,974805,12,292,1,1
33,64,535157,2,67,1,0
29,30,129974,12,236,0,1
48,63,144183,9,79,1,1
41,31,1025922,13,85,1,1
31,40,1100690,11,59,0,1
62,33,200361,9,47,0,1
42,63,1467868,2,178,0,0
51,25,474151,11,83,0,1
20,36,1257323,12,94,0,1
41,24,524924,3,251,1,0
59,58,1312572,5,179,0,0
26,39,1376324,2,83,1,0
43,46,996991,12,149,1,1
37,10,198099,8,38,0,1
57,32,654661,1,278,1,0
27,36,1362328,6,112,1,1
36,28,1354149,5,126,0,1
20,16,475253,13,40,1,1
41,16,509853,14,157,0,1
22,18,517485,1,205,0,0
20,8,1110834,10,46,0,1
44,70,402417,2,184,1,0
33,1,767765,5,71,1,0
66,62,1372996,9,56,0,1
32,38,211141,3,238,0,1
52,45,350766,0,61,0,0
29,58,1341957,0,56,0,0
58,1,1190343,2,242,0,0
61,32,220456,7,123,1,1
43,8,503189,10,152,1,1
64,40,713749,3,254,0,1
51,56,490721,10,216,0,1
40,63,210159,0,231,1,0
48,36,909523,7,16,1,1
67,57,991293,9,79,0,1
37,45,484379,5,175,0,0
29,2,1350272,0,38,1,1
40,68,476832,11,142,0,1
21,50,1165126,9,16,1,1
40,29,1019567,9,248,1,1
65,10,1091343,5,34,0,1
65,27,1422351,0,288,1,0
18,15,887557,14,145,0,1
42,60,528625,9,214,0,1
19,31,1199157,9,164,0,1
47,21,908917,2,110,0,1
20,60,994971,1,134,0,0
38,58,309402,3,73,0,0
42,41,707842,1,155,0,0
37,46,698686,10,214,0,1
66,45,1281338,12,273,1,1
69,26,1139907,4,278,0,0
39,51,902172,3,147,1,0
38,36,868758,5,30,0,1
50,52,188560,13,13,0,1
69,51,1234453,14,22,0,1
55,3,1419876,6,1,0,1
32,14,1054718,11,177,0,1
63,49,720877,1,58,0,0
69,1,425533,1,288,0,0
32,57,568910,7,175,0,1
63,17,957370,12,171,0,1
42,50,429644,12,82,1,1
38,14,555383,8,222,0,1
41,59,1471454,4,34,0,0
22,3,248278,6,296,0,1
23,40,394481,12,109,1,1
66,66,1380013,11,234,0,1
60,34,1410098,8,38,0,1
65,9,950261,13,218,1,1
61,21,1349049,0,216,0,0
64,25,1480550,7,193,1,1
40,44,146939,9,162,0,1
21,25,1422948,9,115,0,1
44,9,148419,8,160,1,1
35,62,459057,8,88,0,1
38,26,879704,9,140,1,1
45,57,673517,6,173,0,1
52,37,855823,11,200,1,1
39,16,654358,11,112,0,1
57,37,299795,11,173,0,1
40,24,834404,11,73,0,1
20,26,461237,9,286,0,1
57,20,609467,14,124,0,1
67,9,342763,2,23,0,1
27,29,1319532,12,31,0,1
42,31,773403,12,253,0,1
69,19,1244684,4,112,0,1
66,20,1238812,12,194,0,1
25,27,1200790,1,15,1,0
28,44,616614,10,211,0,1
22,35,1101494,9,107,0,1
62,71,677697,2,23,0,0
54,22,766228,9,289,0,1
62,15,692377,6,118,1,1
55,13,1112593,0,180,0,0
46,4,718335,2,37,0,0
22,56,641716,4,232,1,0
26,23,470427,10,68,0,1
65,34,563330,13,81,0,1
19,17,1318037,3,117,0,1
18,28,134734,2,49,0,0
57,14,1355732,5,156,1,1
68,34,951539,11,73,1,1
47,57,449033,5,182,1,1
28,55,212168,3,105,1,0
45,66,708458,8,188,1,1
61,37,517933,10,271,1,1
29,68,1392119,5,86,0,1
56,26,295174,14,171,0,1
43,61,659070,8,251,0,1
30,67,170160,12,143,0,1
25,52,742584,10,283,0,1
45,18,153077,9,184,1,1
47,53,390678,9,153,0,1
26,63,1449356,1,117,0,0
56,53,1143119,14,266,0,1
48,27,868290,5,254,0,0
38,31,936918,13,240,0,1
64,1,1242672,3,170,0,1
51,6,133435,1,104,1,0
48,11,133152,4,35,1,0
69,34,1258196,13,65,0,1
42,63,421096,14,184,0,1
29,53,906070,2,189,1,0
18,18,332816,5,154,0,1
39,21,640684,10,226,0,1
57,19,795854,14,140,0,1
54,4,1081556,13,75,0,1
64,29,1172414,7,145,1,1
18,25,1488615,3,37,0,1
18,56,410139,11,261,0,1
59,63,1040118,3,125,0,1
59,27,699881,4,91,1,0
38,60,755460,5,283,0,1
32,49,980623,10,260,0,1
34,65,1341368,6,107,0,0
39,38,694802,5,44,1,0
55,52,373132,6,1,1,1
52,1,835427,8,200,1,1
62,40,739425,3,89,0,0
33,21,1094671,9,214,0,1
25,15,1487949,14,114,1,1
64,50,201471,0,91,1,0
34,48,924580,14,185,0,1
34,32,507039,8,259,0,1
43,49,635917,6,157,0,1
30,68,759216,3,56,0,0
34,45,655339,9,46,1,1
55,32,345131,7,221,0,1
34,4,919901,11,107,1,1
65,65,1119156,6,299,0,1
31,71,172372,11,179,0,1
62,65,1063576,1,176,0,0
23,18,449898,0,179,0,0
52,54,1183593,8,36,1,1
63,47,372849,6,62,0,0
31,6,338750,13,267,0,1
64,66,192469,9,272,0,1
25,9,1052823,0,289,0,0
32,68,1148372,12,269,0,1
44,23,550470,3,268,0,1
30,43,757574,14,245,0,1
66,51,885183,4,177,0,0
48,25,1405753,4,66,0,1
52,35,174070,13,276,0,1
23,17,936301,13,207,0,1
22,18,1052732,13,37,1,1
39,27,1324344,4,118,0,1
66,15,365399,10,25,0,1
40,69,1006910,2,5,0,0
42,15,833177,4,273,0,0
51,42,664810,3,232,1,0
43,34,1082654,14,113,1,1
64,48,654985,4,133,0,1
22,8,1028226,6,177,0,1
43,10,988368,4,24,0,1
37,5,558696,13,47,0,1
23,48,223935,14,279,1,1
23,26,116029,13,298,0,1
67,23,343533,13,71,0,1
35,62,570258,7,200,0,1
21,13,1486227,7,32,1,1
34,9,609853,2,96,1,0
31,20,1386224,4,44,1,1
31,57,713007,11,262,0,1
30,24,188499,3,69,1,1
24,33,725671,13,292,0,1
61,20,1287775,13,217,0,1
32,60,540998,4,206,0,1
36,48,314816,7,171,1,1
60,64,909145,3,245,0,1
64,30,890296,4,255,1,1
61,17,741489,6,263,0,1
52,14,172246,2,263,1,0
34,19,1048866,12,4,0,1
52,71,394524,5,9,1,1
36,59,141284,8,270,0,1
37,67,310994,10,229,0,1
53,44,747844,3,54,0,0
52,32,1203853,3,40,0,0
49,11,1163892,5,137,0,1
65,2,1041967,5,114,0,1
61,68,774448,2,62,0,1
57,17,493000,13,33,1,1
41,40,466708,0,251,0,0
34,46,1114849,2,196,0,0
24,4,1370664,7,251,0,1
60,38,284821,7,61,1,1
67,63,1456574,5,224,1,1
18,29,209796,6,53,0,1
52,19,1248003,1,158,1,0
49,29,1096470,8,293,0,1
53,35,1081060,2,24,0,1
30,70,442679,1,236,0,0
23,23,713143,4,99,1,0
31,46,776060,0,227,1,0
54,44,914065,4,177,1,0
65,48,1148492,9,154,0,1
32,52,216958,3,238,0,0
64,8,1364292,11,142,0,1
21,55,337497,5,16,0,1
57,66,910487,11,284,0,1
33,40,511858,4,4,1,0
45,31,551490,8,10,0,1
33,48,768533,4,207,0,1
21,61,631313,12,80,0,1
62,52,639141,7,32,1,1
43,38,1471876,11,158,0,1
45,36,326560,12,273,0,1
49,55,504542,1,114,0,0
62,13,496679,2,216,0,0
19,37,984568,2,260,0,0
48,47,747584,2,157,0,0
20,71,1130196,5,44,0,1
25,22,638363,6,119,0,1
41,39,980677,6,214,1,1
32,58,405459,11,127,1,1
60,30,1251821,6,253,0,1
48,18,116010,11,37,1,1
26,18,297505,2,209,1,0
56,39,468692,0,93,0,0
62,26,1411325,5,28,0,1
19,71,399459,2,163,0,0
25,7,1419372,12,136,1,1
24,69,1048034,14,22,0,1
61,65,596776,2,130,0,0
68,46,1365598,14,85,0,1
56,18,979871,2,183,0,1
59,13,704554,14,236,1,1
33,25,1475378,8,183,1,1
52,8,717722,11,158,0,1
47,32,640218,14,10,0,1
27,17,1017114,3,41,0,0
55,48,786342,4,234,0,1
35,63,105378,2,130,0,0
67,40,932834,9,184,1,1
22,15,1056945,12,13,0,1
46,6,1228288,14,253,0,1
56,63,1435780,11,146,0,1
51,8,751355,0,59,0,0
60,32,1092419,14,291,0,1
62,45,1381679,11,159,0,1
40,52,1005116,3,25,0,0
22,13,193104,14,64,1,1
47,24,909197,0,69,0,0
23,40,814413,10,172,0,1
63,14,589554,10,224,1,1
61,70,516412,6,152,0,1
21,62,1295116,6,39,0,1
46,61,1242961,14,145,0,1
40,1,464793,3,97,1,1
23,66,1418894,14,247,0,1
49,32,750806,4,11,0,1
59,13,434726,9,23,0,1
35,33,235258,6,224,0,0
32,32,470301,12,244,0,1
57,56,695792,5,170,1,1
49,24,1259336,12,31,0,1
26,4,1131306,3,113,0,1
54,23,1138913,3,208,0,0
27,29,1438990,1,34,0,0
37,21,803671,9,204,0,1
23,30,1451849,1,265,0,0
65,20,1154963,11,64,1,1
20,16,648682,3,97,1,0
59,67,438971,4,184,0,0
28,49,473254,3,237,0,0
60,58,1047597,13,265,0,1
34,44,287708,2,231,1,0
49,25,561362,10,108,1,1
21,23,135241,1,177,0,0
21,59,1176913,3,248,0,0
34,1,987424,13,4,1,1
58,15,1051562,10,156,0,1
36,52,568979,4,229,1,0
22,58,157450,0,115,1,0
49,41,1069263,14,260,1,1
39,44,1208105,12,126,0,1
23,4,917766,0,27,0,0
52,68,687740,5,227,0,0
39,7,871736,4,128,1,1
18,46,993450,10,28,0,1
37,9,425262,3,178,0,0
39,33,1233839,0,163,0,0
65,33,226775,11,159,0,1
28,4,1197793,13,287,1,1
30,65,1048643,6,264,1,1
59,34,840690,14,296,1,1
20,64,1217093,3,24,1,1
26,25,1292433,2,144,0,0
29,55,1203316,13,174,0,1
40,9,725407,6,7,0,1
31,17,825992,1,108,0,0
50,21,638238,9,128,0,1
35,60,557858,0,1,1,0
66,13,1215854,10,9,0,1
58,3,138488,3,116,1,0
26,68,398421,12,10,1,1
40,4,1324689,7,95,0,1
27,7,876434,12,92,0,1
36,26,301744,5,101,1,0
64,24,1219697,8,97,0,1
22,10,586110,0,281,1,0
64,13,436234,0,294,0,0
69,44,209777,10,155,1,1
40,39,1073814,4,144,1,0
47,19,1427628,5,210,0,1
42,51,514526,7,154,0,0
45,19,442797,2,241,0,0
51,52,953690,5,75,0,1
62,47,1353795,2,174,0,0
65,30,816932,7,110,0,1
64,46,1400493,11,17,1,1
42,21,955832,10,290,1,1
27,48,1346251,10,273,1,1
31,62,322584,3,237,0,0
59,58,335814,1,197,0,0
63,18,216107,11,161,1,1
47,59,1015900,8,199,1,1
58,48,602845,14,233,0,1
42,63,736724,9,42,0,1
31,12,393275,14,81,0,1
52,34,423904,12,26,1,1
69,61,604962,7,68,1,0
65,53,1478090,14,198,0,1
51,25,491985,5,215,0,0
27,62,154470,2,123,0,0
52,4,1006120,1,15,1,0
28,13,415427,12,125,1,1
28,42,1130934,3,13,1,0
38,49,754551,3,38,0,0
38,56,233425,0,198,0,0
39,47,376022,14,107,1,1
62,8,176668,8,267,1,1
24,55,634610,9,39,0,1
34,18,963263,7,268,0,1
19,35,551991,6,68,0,1
29,32,1184501,5,151,0,1
59,24,1365426,2,186,0,1
35,7,481640,3,240,0,0
28,13,253594,1,226,0,0
33,69,275666,6,203,1,1
66,42,964063,1,266,0,0
68,31,932767,13,117,0,1
35,26,878480,14,291,0,1
52,32,599404,9,221,1,1
43,52,1499681,0,62,0,0
33,20,134723,5,4,1,1
23,40,1054337,3,291,1,0
61,59,1295715,14,144,0,1
60,14,113763,7,149,1,1
64,44,545171,0,158,0,0
64,48,669151,8,268,0,1
65,43,1428128,5,10,1,1
59,16,266169,13,68,1,1
29,35,282922,1,191,1,0
30,53,284918,7,101,1,1
21,34,1262753,4,31,0,1
56,3,791154,4,201,0,0
19,68,818684,4,265,1,1
43,5,451911,6,107,0,0
44,10,1075990,6,53,0,1
44,52,887443,9,189,0,1
32,29,778787,10,238,0,1
25,31,1403631,6,290,0,1
24,66,683278,11,272,0,1
64,69,965212,9,41,0,1
63,37,575354,1,197,0,0
57,27,1127588,7,120,0,1
29,33,1369646,0,283,0,0
30,68,123536,12,294,0,1
60,59,974178,13,181,0,1
34,64,1416305,1,99,1,0
34,44,1066634,10,10,1,1
53,49,343481,6,232,0,1
38,53,555173,3,116,1,0
25,49,681498,10,63,0,1
22,66,1362379,9,175,0,1
43,63,311445,9,82,1,1
33,25,343769,8,1,1,1
53,4,498672,10,298,0,1
45,51,874957,8,216,0,1
46,11,284933,13,241,0,1
64,17,1054793,2,296,0,0
29,66,820241,12,59,0,1
54,70,621626,13,202,0,1
47,69,900531,12,39,0,1
40,29,464485,2,44,0,1
33,20,403986,8,297,0,1
31,27,867650,12,118,0,1
27,8,943595,9,130,0,1
24,61,1361999,14,279,0,1
62,28,1357410,11,49,1,1
69,70,1271439,7,87,0,1
54,3,457752,0,20,0,0
46,69,1092179,5,231,0,0
20,7,1113100,6,42,0,1
32,60,733766,13,22,0,1
53,4,155700,10,215,0,1
64,5,626827,13,276,0,1
63,11,732897,7,193,0,1
69,15,264230,11,214,0,1
36,64,820978,11,178,0,1
30,13,1067658,1,142,1,0
59,7,338344,13,25,0,1
38,6,1401732,0,217,1,0
54,56,898713,3,58,0,0
44,64,508336,0,44,0,0
69,50,634234,1,223,0,0
46,30,1102680,2,255,0,1
37,22,1174687,3,109,0,1
42,25,1121815,11,249,0,1
23,28,395434,11,76,0,1
53,39,851500,5,282,0,1
19,67,789822,7,86,0,1
39,5,577388,8,249,0,1
49,65,1160377,14,207,1,1
33,15,491486,3,158,1,0
35,67,254782,0,11,1,0
22,40,721445,13,224,0,1
53,69,345907,4,31,0,1
47,43,665204,4,53,0,0
62,1,1030569,8,241,1,1
36,22,980198,5,114,1,1
40,62,1184964,4,287,0,0
51,26,1224743,9,103,1,1
30,18,1223243,9,296,1,1
60,48,365853,4,126,0,1
46,9,673042,7,39,1,1
53,1,343291,10,71,0,1
39,9,972689,0,234,0,0
69,23,328802,4,246,0,0
69,45,891526,0,293,0,0
64,2,869140,14,246,1,1
53,14,572282,6,33,1,1
26,38,631760,13,128,0,1
56,40,136131,14,9,0,1
68,63,709231,6,167,0,1
36,16,1494457,12,271,0,1
55,6,1326556,9,215,0,1
23,3,805195,7,239,0,1
69,14,351267,13,13,0,1
64,66,909547,6,89,1,1
32,67,1141616,10,17,0,1
37,31,1438681,8,168,0,1
26,33,616712,7,55,0,1
49,1,1195659,7,163,0,1
21,44,545278,2,151,1,0
67,15,671470,14,89,0,1
35,37,227987,9,284,0,1
22,27,888449,14,21,0,1
37,48,1021727,3,266,1,0
40,27,1210428,3,296,0,0
28,12,331560,0,245,0,0
54,67,936941,5,138,0,1
39,30,254147,1,51,1,0
21,66,106531,14,66,0,1
46,7,1022170,8,84,0,1
61,34,1368965,13,249,0,1
51,32,1454743,0,122,0,0
30,39,1314884,0,201,0,0
59,43,402203,10,5,0,1
26,43,1188599,12,198,0,1
59,3,298547,9,223,1,1
48,46,267696,10,12,1,1
24,32,788178,5,5,0,1
21,43,615034,12,120,0,1
36,3,1110592,0,44,1,1
59,63,785460,11,25,0,1
47,40,297968,14,3,1,1
48,18,467253,2,292,1,0
52,67,1062200,9,276,0,1
38,62,750970,1,283,0,0
48,10,649229,12,209,0,1
36,52,876078,10,287,1,1
48,46,552563,8,180,0,1
49,55,176629,4,252,0,1
19,46,1312673,5,281,0,1
69,60,591564,1,144,0,0
27,26,314326,7,115,0,1
19,27,936255,5,29,0,1
19,38,768949,10,241,0,1
41,22,1344634,11,4,0,1
34,26,971990,7,261,0,1
49,69,1261360,7,105,0,1
33,35,466533,13,123,0,1
33,66,958802,14,137,1,1
63,51,508271,0,105,0,0
56,18,1217319,6,212,0,1
48,43,735154,1,299,0,0
60,12,189471,14,55,0,1
41,3,809517,10,131,1,1
18,7,911447,7,268,0,1
28,6,350942,11,121,0,1
38,45,835080,1,201,0,0
21,39,588295,3,207,1,0
24,51,559402,1,274,0,0
43,9,164430,12,89,0,1
64,23,162306,6,189,0,1
67,12,178655,4,264,0,1
29,62,1221756,12,45,0,1
48,40,150262,10,39,0,1
34,54,1484909,12,66,0,1
50,7,442096,10,112,0,1
28,17,583649,8,61,0,1
45,50,677950,4,226,0,1
49,24,298482,10,173,0,1
18,2,831325,7,133,0,1
64,33,243285,1,284,0,0
45,21,804347,2,274,1,0
59,53,815143,5,113,1,0
24,46,161353,10,107,1,1
19,45,463688,6,142,0,1
59,9,246874,13,56,0,1
41,6,312730,9,293,0,1
21,51,612167,7,276,1,1
61,35,1340294,14,50,1,1
36,53,580405,2,275,0,0
43,19,930103,6,233,0,1
28,69,844997,7,241,0,1
57,25,560161,9,257,0,1
67,11,1454108,14,236,1,1
60,17,970376,5,31,1,1
28,36,684978,3,247,1,0
62,21,1088033,12,131,0,1
20,18,620027,5,262,1,0
29,60,274943,8,258,1,1
20,18,933597,2,280,1,0
59,1,743933,14,249,0,1
44,14,1257235,1,264,0,1
66,8,784855,4,214,0,0
19,66,1482464,6,214,0,1
66,51,502860,2,281,0,0
33,60,998477,4,17,0,1
19,34,373407,3,1,1,0
47,36,156480,10,0,0,1
37,62,1013358,6,215,1,0
55,1,821201,1,163,0,1
45,42,1049525,11,190,0,1
42,1,821768,10,74,0,1
49,54,711786,12,25,0,1
27,47,404707,6,261,1,1
59,39,641702,11,281,0,1
57,30,484596,1,220,0,0
50,7,437606,2,42,0,0
30,22,869155,4,121,1,1
58,50,286955,6,128,0,0
59,45,991641,12,264,1,1
64,10,661498,5,282,0,0
54,14,770650,11,70,1,1
33,46,1276286,6,258,0,1
62,6,117660,10,200,0,1
39,21,968894,5,129,0,1
37,62,498024,12,80,0,1
67,19,194148,11,253,1,1
60,62,1320147,0,64,0,0
44,53,521231,14,145,0,1
58,24,133351,4,133,0,0
33,56,542878,11,101,1,1
51,62,174674,0,41,1,0
49,34,136241,6,195,1,1
43,22,494414,3,259,0,1
42,68,455127,4,98,1,0
19,57,464443,0,64,0,0
29,10,1111789,7,296,0,1
57,66,464983,14,222,0,1
26,8,1495943,3,244,1,0
29,38,167983,2,182,0,0
43,62,226164,0,148,0,0
26,28,961376,3,115,0,1
27,10,484571,2,257,1,0
49,45,1428394,7,78,0,1
51,65,374557,8,230,1,1
65,67,803297,11,118,0,1
37,9,828445,4,73,0,0
56,5,909503,8,8,1,1
19,10,1222805,0,278,0,0
18,12,1061335,6,269,1,0
68,58,796731,10,53,0,1
53,21,752633,13,44,1,1
41,21,953974,6,224,1,1
44,65,688103,5,15,0,1
19,3,791996,3,211,0,0
48,69,1223642,12,199,1,1
31,64,1457848,10,240,0,1
19,49,1138229,8,101,0,1
46,17,170500,13,94,0,1
32,32,152340,2,184,0,0
29,70,1277798,10,135,0,1
54,21,1182646,14,24,1,1
45,7,1083886,10,49,0,1
37,7,1096430,0,168,1,0
56,27,508092,14,289,1,1
41,8,834863,1,99,0,0
38,28,807036,2,80,1,1
27,66,118262,1,11,1,0
63,71,1250985,5,207,0,0
31,47,316622,12,76,1,1
54,10,1040555,14,74,0,1
35,33,623049,13,169,1,1
41,7,521601,6,178,1,0
31,3,1184163,4,87,0,1
51,14,1277171,4,264,0,0
29,44,1324438,6,221,0,1
39,46,666306,5,2,0,1
23,61,851790,11,117,0,1
53,36,217177,7,135,1,0
62,13,292064,8,186,1,1
53,16,588594,1,29,1,0
39,5,447328,11,66,0,1
31,38,197292,1,298,0,0
33,50,144561,14,216,0,1
53,38,1100098,0,157,0,0
42,56,765430,6,70,0,0
49,63,1318673,10,109,0,1
50,48,1182355,14,284,1,1
62,59,354745,13,257,1,1
53,44,509832,3,89,0,1
37,55,217715,14,56,1,1
35,55,873657,8,297,0,1
55,1,200477,5,48,0,1
20,8,1250264,11,184,1,1
40,4,883843,6,198,0,1
49,53,1003448,12,17,0,1
62,58,557606,6,197,0,0
33,37,873732,7,231,0,1
22,49,1202215,3,26,0,0
21,67,1352874,2,117,0,0
38,19,112669,2,53,1,0
57,1,1015671,9,151,0,1
68,29,446653,7,224,0,1
31,33,252157,11,161,1,1
56,52,128787,14,149,1,1
48,41,321692,12,215,0,1
31,23,386195,14,41,0,1
23,5,1199191,2,160,0,0
29,71,832450,7,73,0,0
33,57,807622,1,24,1,0
34,6,219123,14,241,1,1
62,49,490958,4,172,0,0
40,22,117945,4,286,0,1
31,4,845139,6,158,0,0
24,64,476279,4,217,0,0
63,37,352565,8,114,0,1
49,31,859950,2,240,1,0
32,37,255299,8,211,0,1
61,45,848644,0,85,0,0
34,8,1493214,2,132,0,1
58,40,1201744,3,267,1,1
64,5,176086,5,276,1,1
61,28,1082599,9,264,1,1
51,9,1180348,7,92,0,1
22,2,501938,6,90,0,1
62,63,281214,7,144,0,1
44,51,691944,5,151,1,1
69,31,186884,5,154,0,1
40,7,1265705,13,135,1,1
57,30,236949,5,252,1,0
31,58,602240,2,28,0,0
32,3,905336,13,82,0,1
60,51,448472,9,33,0,1
50,56,1362519,14,103,0,1
48,10,1309332,3,232,0,0
52,61,331620,10,236,0,1
34,50,135571,5,222,1,0
45,47,955879,12,89,1,1
36,1,176752,6,239,0,1
63,57,560160,2,217,1,0
40,38,973589,3,181,0,0
49,62,841873,5,256,0,1
57,70,309803,0,231,0,0
30,65,681491,10,188,1,1
37,62,682093,14,254,0,1
52,56,337039,6,44,0,1
22,67,339185,12,85,0,1
26,17,172649,14,200,0,1
46,8,1016726,10,211,1,1
23,60,140910,0,118,0,0
42,40,387136,10,297,1,1
48,62,1358962,12,154,0,1
39,41,973953,11,185,1,1
19,12,1204024,12,196,0,1
62,54,1062951,11,200,0,1
22,11,372930,12,265,1,1
44,60,666994,9,235,1,1
42,68,996429,10,193,0,1
25,46,589660,14,24,0,1
18,38,1381930,10,258,0,1
37,61,1426331,8,70,1,1
61,17,1415210,9,27,1,1
40,66,1460724,8,10,0,1
49,36,553850,10,117,0,1
28,7,196849,8,207,0,1
56,16,1277789,3,92,1,1
64,14,372047,1,140,0,1
41,25,1294215,6,10,0,1
28,4,1368069,12,290,0,1
46,29,913038,3,238,1,0
43,56,747404,13,263,0,1
33,6,576192,4,262,1,0
52,1,757620,0,68,1,0
37,39,1309915,10,69,1,1
63,1,813729,11,184,0,1
20,63,116833,9,123,0,1
18,57,215256,12,221,0,1
64,67,1152074,5,10,0,0
18,65,296382,11,165,1,1
34,65,1064233,14,90,1,1
19,21,110518,6,247,0,0
46,30,833397,2,290,0,0
37,33,1170830,9,156,0,1
23,48,330684,1,87,0,0
25,22,705726,12,227,0,1
46,54,854381,11,133,0,1
65,4,518761,11,265,1,1
68,55,496561,9,83,1,1
50,44,1360554,6,211,0,1
20,12,885254,0,217,0,0
52,52,549582,1,236,0,0
22,65,353442,2,150,0,0
44,65,802081,3,173,1,0
61,10,946261,14,139,0,1
29,18,1255975,4,54,0,1
37,47,633930,3,140,0,0
62,66,445519,14,73,0,1
37,49,303643,9,134,0,1
26,22,790395,2,129,0,1
56,26,219937,0,231,1,0
21,9,1303231,14,25,0,1
68,21,574882,6,68,0,1
36,63,1190857,11,61,0,1
55,6,1227927,9,199,0,1
44,14,1238508,5,166,0,1
62,33,517528,1,115,0,0
60,71,1488500,1,138,0,0
30,24,679940,2,231,0,1
30,51,493174,7,213,1,1
39,2,1422438,7,207,1,1
45,15,1099824,9,101,1,1
69,35,196219,14,297,0,1
64,36,1389774,9,9,0,1
62,39,1061501,9,122,0,1
39,4,524644,11,274,0,1
60,64,1381943,9,3,1,1
36,6,1338470,10,258,0,1
25,57,1306138,13,208,1,1
69,30,409495,11,265,0,1
25,67,1189577,7,261,0,1
59,15,1063360,6,286,0,1
43,17,487194,13,30,1,1
65,18,1122447,1,175,0,1
68,19,1007749,0,8,0,0
43,69,242463,5,203,0,0
40,24,389143,10,107,0,1
60,48,637240,7,123,0,1
30,30,1361424,0,237,0,0
45,15,1104302,2,129,0,1
26,47,512498,14,233,0,1
37,44,809714,0,3,0,0
36,27,1166518,9,219,0,1
65,64,101722,8,261,0,1
56,41,530036,6,29,0,1
68,68,1082534,13,76,0,1
29,5,690507,7,182,0,1
32,53,880534,8,291,0,1
48,8,511610,2,201,1,0
31,22,1076063,9,156,0,1
28,7,519685,10,99,1,1
43,22,960473,1,121,0,1
59,46,1254323,5,109,0,0
44,30,947770,4,166,0,1
28,16,105492,3,129,1,0
55,5,510043,5,269,1,1
51,67,216359,14,137,0,1
60,23,258564,5,175,0,0
36,61,824162,11,63,1,1
23,5,1139617,2,130,0,0
63,23,302517,13,187,0,1
69,25,1039367,1,276,0,0
55,8,1341635,8,146,0,1
66,21,621323,7,19,0,1
59,2,1061559,13,41,1,1
45,22,304427,3,139,1,0
18,68,391280,5,8,0,0
52,64,1006261,2,78,1,0
57,19,901269,10,147,0,1
25,53,175592,7,192,1,0
69,52,493931,2,258,0,0
64,47,1296923,1,135,1,0
24,54,1168767,14,38,0,1
28,44,1099924,6,286,1,1
56,7,946558,13,149,1,1
21,1,545008,2,4,0,0
42,63,342070,12,235,0,1
29,39,1171897,8,235,0,1
43,19,732793,14,104,0,1
55,31,649247,2,206,1,0
63,24,503731,14,238,0,1
29,69,689484,7,51,0,1
60,65,776803,1,107,0,0
68,33,1333198,8,32,0,1
54,59,1093483,0,21,1,0
63,33,268280,11,10,0,1
41,32,232855,2,126,0,0
33,59,1119925,10,49,0,1
30,41,1387873,13,197,1,1
42,12,572159,1,16,0,0
69,11,377460,12,43,1,1
21,19,1107878,13,184,1,1
28,54,587154,12,38,0,1
49,57,205364,11,136,1,1
66,42,1140775,14,278,0,1
24,71,1413656,6,163,1,1
63,31,963832,4,30,0,1
28,52,846011,14,22,0,1
45,2,1223419,7,198,0,1
58,38,1417429,1,173,0,0
40,32,1124883,7,57,0,1
62,10,1431427,6,195,1,1
40,8,921619,11,87,1,1
67,20,1191112,10,141,1,1
45,20,478916,4,280,0,0
60,9,1424965,1,206,0,0
64,15,844267,9,171,1,1
43,63,132286,10,274,1,1
42,21,1104733,6,47,0,1
46,5,265375,9,160,1,1
36,35,272121,3,164,0,1
50,68,443045,3,216,0,0
53,48,1335848,7,116,1,1
31,62,1489706,5,250,1,1
31,35,169726,8,243,0,1
52,70,478486,10,246,0,1
47,21,1322509,14,72,0,1
45,39,798999,1,283,1,0
34,34,290586,4,194,0,1
20,15,566204,5,266,1,1
33,6,485389,7,86,0,1
63,66,366104,3,245,0,0
47,56,401746,10,157,0,1
69,49,933942,6,35,1,1
46,1,608422,10,235,0,1
62,65,1021214,6,247,0,1
32,28,163564,3,99,0,0
63,20,1277833,0,226,0,0
42,48,215517,2,118,0,0
68,65,1208553,1,195,0,0
55,51,1082479,12,87,0,1
59,43,894420,12,35,0,1
64,49,1315402,11,27,0,1
69,25,385218,2,38,1,0
55,41,617103,4,4,0,1
40,71,962477,10,140,1,1
42,64,672356,11,227,0,1
59,61,735257,0,8,1,0
24,12,1165136,4,56,0,0
39,69,1126321,1,282,0,0
34,14,1322322,13,177,0,1
35,34,1475872,3,81,0,1
66,48,270010,5,84,0,1
58,61,1446111,8,64,0,1
27,35,1439451,9,289,1,1
27,65,971130,5,135,0,1
24,59,1267016,9,249,0,1
65,36,530349,12,93,1,1
67,19,832275,10,47,0,1
55,42,628628,11,99,0,1
44,69,1218867,1,193,1,0
69,19,148731,7,116,1,1
50,39,812788,4,266,0,0
18,69,840801,8,163,0,1
61,52,1250838,14,286,0,1
51,12,855800,9,23,0,1
21,47,1114654,8,95,1,1
34,36,1353783,3,253,1,0
21,63,501931,12,120,0,1
60,51,1105037,0,71,0,0
43,43,549118,10,63,0,1
21,34,1249930,13,242,1,1
18,49,1376446,8,126,1,1
24,18,1499732,8,38,0,1
47,61,402824,7,76,0,1
67,57,1372659,4,4,0,0
26,5,485351,4,139,0,1
52,24,159179,9,251,0,1
25,64,986045,5,156,0,1
41,59,402114,0,258,0,0
36,38,104718,8,236,1,1
53,33,520327,4,74,1,0
67,10,1056222,6,28,1,1
69,37,437913,10,40,0,1
60,11,241798,14,28,1,1
44,24,885931,7,99,0,1
49,71,641427,4,57,0,0
31,21,1410705,2,210,0,1
35,20,219804,5,137,0,1
45,10,669070,6,10,0,1
46,47,644246,12,188,0,1
33,47,322811,13,93,0,1
52,15,1479854,3,180,1,0
64,44,900015,8,282,1,1
48,62,1392821,13,57,0,1
21,6,934416,10,24,0,1
54,66,340734,3,259,0,0
34,4,1119326,10,212,1,1
56,23,745534,9,114,0,1
65,13,1120160,1,187,0,1
63,31,275946,8,259,0,1
43,16,1057701,3,135,0,1
65,41,753398,3,89,1,0
56,1,633384,9,220,0,1
58,12,1350739,0,15,1,0
21,56,591471,13,146,0,1
47,50,1110405,1,100,0,0
47,20,1436338,11,218,1,1
39,66,322572,2,44,1,0
28,36,634156,6,62,1,1
19,38,384026,11,291,0,1
61,22,792323,8,65,1,1
29,61,988557,11,118,0,1
47,50,870724,4,233,1,0
53,59,260542,3,7,0,0
35,20,996414,12,194,0,1
43,36,1343318,1,226,0,0
24,15,831794,13,26,0,1
18,62,1481822,12,289,0,1
43,3,395519,11,27,0,1
40,5,433354,13,158,1,1
43,56,777632,6,144,1,1
62,31,1039220,5,233,0,1
23,35,1499996,11,107,0,1
23,71,975138,11,202,0,1
61,70,266234,6,264,1,1
25,26,1338152,7,10,0,1
41,1,744125,8,94,0,1
39,7,1335089,9,129,1,1
36,36,161401,4,102,0,0
54,25,1469555,10,272,0,1
35,59,419080,4,109,1,0
48,61,262590,3,291,1,0
54,29,1364583,10,130,0,1
47,18,285534,2,190,0,0
59,41,1013878,12,298,0,1
50,19,947981,6,92,1,1
27,4,1017266,12,288,0,1
54,65,1015177,12,205,0,1
29,41,748255,4,28,0,1
47,15,604563,6,186,0,1
44,54,913317,14,176,1,1
56,64,1193136,1,155,1,0
26,15,1162189,8,245,1,1
38,50,1285735,8,198,0,1
29,22,1167241,12,108,1,1
46,18,730856,8,71,0,1
50,2,391766,12,220,0,1
60,36,1190565,12,280,0,1
32,20,171637,4,213,1,0
19,16,1207751,13,74,0,1
69,67,858618,9,241,0,1
56,30,355972,11,149,0,1
61,55,1283123,8,177,0,1
35,66,694547,0,175,1,0
20,26,1425610,1,103,0,0
24,57,1302918,9,118,0,1
60,69,1241965,4,199,1,1
35,2,567353,4,69,0,1
61,56,427461,5,56,0,1
55,62,445123,13,65,0,1
54,34,353154,7,57,0,1
50,56,1017174,11,116,0,1
61,55,1134501,0,20,0,0
48,20,1342242,9,78,0,1
28,50,838880,11,46,1,1
21,25,883227,8,170,1,1
35,25,1109268,3,83,1,0
21,53,811865,7,107,0,1
66,14,1321905,11,286,0,1
51,60,310582,14,270,0,1
46,43,739327,12,175,0,1
41,62,734006,11,69,0,1
39,69,1093663,4,165,0,1
19,63,1220581,0,57,0,0
61,2,1173616,13,244,1,1
23,54,209009,8,44,0,1
59,16,1170213,7,171,1,1
42,55,167745,4,263,0,0
38,43,1026251,13,65,1,1
33,61,1116107,14,188,0,1
48,38,251322,10,272,0,1
31,45,976899,13,70,0,1
56,51,211855,3,35,1,0
45,42,1378515,7,238,0,1
49,24,678328,8,67,0,1
45,30,1256094,6,107,0,1
68,37,820678,3,207,0,0
66,53,982827,6,276,0,0
26,63,1332010,5,209,0,1
62,11,503312,10,106,1,1
39,23,352138,11,15,0,1
49,50,175764,2,238,1,0
22,55,764578,9,221,0,1
40,55,1495058,2,255,0,0
22,4,315555,0,144,0,0
59,54,1298983,13,163,1,1
49,61,916339,12,11,0,1
27,5,877431,4,49,1,1
56,18,1187963,7,11,0,1
32,44,580783,11,189,0,1
24,31,1223231,5,295,0,1
46,21,558478,7,92,1,0
64,47,1456815,6,129,0,1
20,30,625330,1,213,0,0
36,55,203748,7,286,0,1
27,68,350763,3,174,0,0
45,69,965028,10,200,1,1
46,41,765593,4,104,0,1
32,45,365232,10,230,0,1
52,30,363790,12,97,0,1
23,45,1292775,7,102,0,1
29,45,901885,4,40,0,0
64,45,938665,4,150,0,0
55,55,1075596,5,267,0,0
30,59,1406365,14,277,0,1
46,5,1099951,14,55,0,1
36,32,558216,6,15,0,1
20,6,1493807,8,221,0,1
25,26,284834,13,178,0,1
25,37,312886,10,133,1,1
37,13,357493,6,257,0,1
64,69,186392,5,61,1,1
21,25,746637,14,122,0,1
68,13,166019,11,41,0,1
38,20,1021573,9,298,0,1
20,60,1293034,3,51,0,1
62,21,793799,13,66,0,1
25,61,380301,10,58,1,1
40,26,174726,9,34,0,1
33,54,730004,11,135,0,1
30,42,1148203,1,75,0,0
20,11,1374862,10,241,1,1
65,37,246001,12,287,0,1
26,11,1328395,10,220,0,1
31,27,370057,14,84,0,1
30,34,568747,8,122,1,1
24,38,233018,9,194,0,1
32,61,332791,10,101,0,1
24,53,1346578,4,282,1,1
55,65,1078976,4,2,0,1
51,3,213388,10,246,1,1
58,67,167957,11,147,0,1
39,28,447983,2,198,0,0
41,14,512683,12,120,0,1
66,52,337406,2,168,1,0
54,30,779864,0,0,0,0
61,58,307588,11,108,0,1
18,54,888276,10,9,1,1
27,69,1183148,4,126,0,0
60,15,1387033,2,156,1,0
33,38,839783,14,230,0,1
63,14,839173,10,14,0,1
25,57,1040479,1,274,0,0
66,59,643737,10,45,0,1
42,8,734425,8,273,1,1
67,19,1036108,12,105,0,1
29,32,1399777,13,2,1,1
42,29,749586,9,252,0,1
34,41,995766,5,21,0,1
43,45,946572,2,54,0,1
63,13,387506,6,296,0,1
65,27,783303,11,109,0,1
31,19,462895,8,222,0,1
58,26,332505,8,247,1,1
53,53,544266,14,135,0,1
40,51,319683,0,245,0,0
60,37,1439455,14,69,0,1
23,9,1086989,1,17,0,0
64,52,1355843,14,185,1,1
22,54,239082,7,116,0,1
60,3,978737,14,256,0,1
42,69,189359,10,277,0,1
35,8,927159,0,94,0,0
30,14,728833,10,114,0,1
60,3,114787,11,61,0,1
31,24,1090946,14,274,0,1
45,13,479854,10,123,0,1
35,43,1260065,13,79,1,1
45,29,244375,2,146,0,0
68,51,297874,10,21,0,1
44,42,198782,6,82,0,1
49,31,415592,7,4,0,1
64,63,1218089,4,260,0,0
26,26,892500,13,279,1,1
57,18,734328,1,128,0,0
49,57,218962,14,113,0,1
37,7,1310875,2,283,0,0
45,48,637028,8,46,0,1
50,60,1499053,14,187,1,1
21,33,951177,12,18,0,1
63,3,763151,10,86,0,1
51,4,800408,12,141,1,1
65,4,523911,9,250,1,1
20,42,1411057,6,7,1,1
43,9,584188,12,36,0,1
25,51,755284,0,85,0,0
23,17,680340,2,71,0,1
33,17,855667,8,265,0,1
41,20,625759,6,66,0,1
65,14,675482,14,140,1,1
56,22,1061892,11,294,0,1
47,52,1110736,12,63,0,1
62,27,871567,12,29,0,1
30,43,565241,12,44,0,1
22,3,1337693,13,133,0,1
42,8,219076,14,15,1,1
37,10,568117,14,277,1,1
35,29,724197,1,218,0,0
64,40,367808,5,276,1,1
35,65,188859,8,220,0,0
19,21,716279,14,192,0,1
27,24,1268381,3,157,0,1
62,60,498595,9,23,0,1
67,26,1127393,1,140,1,0
64,9,655824,2,221,0,0
29,20,236063,6,25,0,0
64,56,717801,3,97,1,1
30,36,390503,6,275,0,1
67,36,217060,4,60,0,1
64,22,188059,13,242,0,1
28,1,1157646,7,8,0,1
36,69,1352383,7,271,0,1
52,37,839599,4,259,1,1
56,13,1102307,6,31,0,1
43,43,507349,10,92,0,1
63,37,681243,5,127,0,0
31,25,701403,12,236,0,1
62,21,1329389,7,16,1,1
61,41,315611,8,40,1,1
41,42,754932,4,271,0,0
58,42,1023727,6,275,0,1
18,2,174923,13,41,1,1
68,68,726945,0,265,0,0
60,8,716726,10,51,0,1
39,61,1342844,7,187,0,1
40,14,463053,2,150,0,0
36,21,462986,0,243,0,0
35,24,441576,5,288,0,0
29,50,789884,13,126,0,1
45,45,577509,12,204,0,1
45,64,723787,7,99,0,1
50,64,511731,10,78,0,1
36,26,1405416,2,182,1,1
45,32,908459,0,97,1,0
69,57,355519,2,67,0,0
66,53,443457,14,27,0,1
54,33,709618,4,28,1,1
43,52,315359,10,121,0,1
52,18,589775,7,211,1,1
51,35,709551,8,175,1,1
52,12,779025,12,104,0,1
57,51,393270,11,71,0,1
33,10,774841,8,109,1,1
55,52,846732,3,112,0,0
30,34,461781,7,231,0,1
40,67,885067,10,42,0,1
39,39,227208,4,264,0,1
33,8,1172125,2,295,1,0
45,29,1128644,4,45,0,1
65,22,1348520,1,57,0,1
52,70,1343631,10,224,1,1
62,61,1184731,10,139,1,1
63,43,1186057,10,100,1,1
25,49,1114607,5,280,0,1
61,29,1383053,0,237,1,0
39,31,1216543,5,88,0,1
38,53,985752,12,245,1,1
43,34,444705,4,178,0,1
57,38,906878,12,230,1,1
38,57,225183,8,98,0,1
42,4,1181784,12,214,0,1
58,2,117522,13,199,0,1
18,12,933834,6,255,1,1
23,35,518706,5,194,1,0
40,70,793371,14,23,0,1
68,21,540970,10,269,0,1
40,61,851309,11,277,1,1
60,35,669390,6,225,0,1
60,48,114040,9,227,0,1
40,15,1024550,4,127,1,0
49,71,532590,0,30,0,0
47,15,446142,14,250,0,1
30,6,1384055,8,57,0,1
60,68,186070,4,146,1,1
35,22,790328,3,105,0,0
40,32,1300583,5,84,0,1
32,22,942013,4,1,0,1
50,27,468675,0,52,0,0
38,15,298554,1,221,0,0
56,44,151377,3,24,0,1
40,9,734900,7,34,0,1
44,34,1455557,4,156,0,1
62,15,1048298,6,144,0,1
61,62,583296,1,277,0,0
35,45,776558,7,293,1,1
41,58,1030993,4,276,0,1
68,19,150557,3,178,1,0
64,16,604868,8,279,1,1
57,8,384618,5,196,0,1
68,33,839316,14,224,0,1
59,18,1334834,13,46,0,1
24,35,1466016,3,184,0,1
67,43,789872,7,161,0,1
65,50,602070,2,130,0,0
37,3,101177,13,294,1,1
44,59,1382730,12,91,1,1
23,28,1417178,9,74,0,1
44,46,552914,1,137,0,0
26,64,416919,6,167,0,1
62,70,809226,13,257,0,1
48,47,1299758,11,237,0,1
38,14,1242365,14,44,0,1
43,7,488192,3,136,1,0
57,31,742537,3,102,0,1
65,51,1221291,9,128,0,1
62,29,1406545,8,160,1,1
30,15,956412,1,37,0,0
66,25,1479220,0,56,0,0
40,61,946323,14,160,0,1
37,41,422010,6,175,0,1
54,69,795352,14,258,1,1
45,4,700296,11,287,0,1
34,57,1360310,7,144,0,1
45,31,365245,2,67,0,1
58,3,913422,1,267,1,0
19,67,595417,3,217,0,1
42,50,1217790,1,163,1,0
67,17,1445331,11,178,0,1
58,60,1078999,1,47,0,0
23,66,196265,4,193,0,1
28,24,356146,9,288,1,1
55,32,1112075,4,205,0,1
23,19,1164534,7,83,0,1
62,66,827979,8,100,0,1
28,60,1344904,1,154,0,0
31,66,842652,0,46,0,0
19,15,691290,2,233,0,0
57,35,1198463,5,298,0,0
20,69,1411059,13,146,0,1
52,27,210083,4,195,1,0
50,7,936960,7,21,1,1
41,6,182624,7,193,0,1
36,33,121643,1,273,0,0
35,58,1208828,13,207,0,1
66,49,453724,8,274,0,1
69,17,241406,13,216,1,1
41,42,198856,13,26,0,1
62,40,988227,3,14,1,0
52,46,1211553,13,158,0,1
18,71,920373,0,213,0,0
53,70,1430526,13,163,0,1
42,68,661267,1,126,0,0
62,1,608173,13,57,1,1
66,52,625148,10,146,1,1
60,35,100290,5,255,0,0
51,69,928849,4,109,0,1
42,5,704168,11,48,0,1
33,17,499086,6,181,0,1
51,53,133397,8,60,0,1
46,52,205311,5,234,0,0
36,14,902618,5,241,0,1
40,29,1383895,1,129,1,0
36,8,739450,6,263,0,1
42,1,178508,1,207,0,0
33,29,167296,12,141,0,1
68,36,1120516,6,21,1,1
26,51,1357350,7,16,1,1
18,37,824294,11,121,1,1
59,69,1355699,0,281,0,0
36,53,1425425,8,226,1,1
50,52,939428,7,285,0,1
51,12,897039,8,115,0,1
33,52,392150,4,148,1,0
61,1,440698,12,169,1,1
57,7,1002628,13,89,0,1
35,17,1037998,3,118,0,0
51,43,303439,0,183,0,0
42,71,627735,8,263,1,1
62,17,826480,13,226,1,1
23,59,651444,3,92,0,0
38,3,791919,14,116,1,1
23,29,444897,3,120,0,1
49,22,163394,3,137,1,0
58,38,781138,1,230,1,0
65,54,1360789,11,147,0,1
60,50,511775,10,283,0,1
56,69,382701,12,141,0,1
48,30,536997,3,7,0,0
59,23,866033,1,4,1,0
27,47,321525,7,256,0,1
47,21,983506,6,245,0,1
69,20,1089761,10,234,1,1
35,23,644863,9,9,0,1
41,68,959280,1,241,0,0
69,21,353947,13,187,0,1
26,21,999648,1,1,1,1
48,1,104616,1,153,1,0
32,15,1344556,0,202,0,0
21,17,789123,12,216,1,1
57,51,1443844,5,104,1,1
26,63,583513,5,0,1,0
62,14,757950,0,253,0,0
26,59,786230,10,286,0,1
43,50,633822,0,293,0,0
21,34,370065,5,277,1,0
34,6,1452762,10,193,0,1
33,49,340763,5,256,0,0
32,6,1464323,3,249,0,1
52,69,144377,2,247,1,0
69,7,1188281,13,87,0,1
22,51,1245068,8,252,1,1
22,1,1298412,5,163,0,1
37,13,1426503,0,161,0,1
32,43,1419235,2,264,0,1
35,27,1212782,0,109,0,0
64,71,1390796,2,206,0,1
19,3,445508,1,131,1,0
46,58,210532,4,132,0,1
30,17,321586,14,107,0,1
21,45,1266666,2,171,0,0
59,58,496314,6,39,0,0
62,56,1175596,7,291,0,0
27,54,550488,6,34,1,1
48,29,222043,1,58,0,0
58,54,544555,9,192,0,1
25,27,1101992,9,209,0,1
20,45,373129,6,30,0,1
65,31,239355,9,173,0,1
63,36,753388,2,197,0,0
26,61,219635,6,105,1,1
47,37,956730,14,274,0,1
28,67,309884,0,95,1,0
52,36,1427191,1,169,0,0
54,5,1363209,11,29,0,1
59,46,1249842,9,281,0,1
30,52,1453970,0,160,0,0
53,49,1268493,8,110,0,1
30,6,898461,12,211,0,1
29,10,141583,12,195,0,1
54,23,465244,14,95,0,1
27,17,562584,1,137,0,0
26,44,1216723,1,277,1,0
69,41,552552,5,178,0,1
24,15,1191618,6,233,0,1
19,44,455269,13,248,0,1
40,58,1225180,12,131,0,1
56,50,155918,1,248,0,0
57,52,484369,13,292,0,1
56,70,875344,3,62,0,0
38,68,1147048,2,256,1,0
40,63,693170,12,247,1,1
46,58,661110,4,263,1,1
31,23,1152776,8,178,1,1
43,44,147259,1,164,1,0
68,44,605765,12,90,0,1
22,52,1035448,4,191,0,1
48,67,735765,7,291,1,1
42,28,300772,5,75,0,1
48,67,588774,3,98,0,0
67,18,374582,14,94,0,1
37,27,426488,9,180,0,1
61,51,319712,7,153,0,1
34,60,1075509,2,111,0,0
62,49,1268703,3,170,0,0
19,15,170388,10,252,0,1
42,68,1400931,8,121,1,1
30,15,958681,4,204,0,1
56,51,423227,5,244,1,0
45,48,917786,11,126,1,1
59,1,1091072,10,45,0,1
23,7,1359459,1,295,1,0
20,53,249865,8,235,0,1
52,31,1364102,7,140,1,1
35,18,171135,6,120,0,1
28,12,1050275,8,8,1,1
37,48,1459898,4,65,1,1
22,30,301769,4,80,0,0
36,7,1215076,10,259,1,1
39,3,574694,10,104,0,1
36,63,479928,8,96,0,1
64,6,935655,10,189,1,1
33,15,769544,4,194,1,1
41,71,692771,8,82,0,1
58,43,1388459,0,250,1,0
21,18,1127897,14,69,0,1
32,22,481322,9,291,0,1
42,61,495627,9,187,0,1
61,61,377818,10,140,1,1
52,53,1025812,7,139,0,1
31,26,1217036,2,74,1,1
66,40,1118645,12,99,1,1
36,8,624864,7,144,1,1
55,21,245713,4,174,0,1
53,43,1092003,1,220,0,0
24,21,1369475,8,9,0,1
47,3,1124199,3,45,0,0
36,31,413051,13,116,1,1
66,27,534355,13,3,0,1
42,27,926083,6,237,0,1
33,57,812675,11,293,1,1
64,33,193435,7,30,1,1
57,44,663195,6,129,0,0
68,43,1359368,10,240,0,1
25,31,524963,5,80,1,0
35,65,1407276,14,24,0,1
45,17,1096005,13,260,0,1
33,15,679224,11,47,1,1
69,34,1174754,6,51,0,1
36,4,492758,3,148,0,0
59,28,1247999,9,98,0,1
34,2,108000,0,66,1,0
62,17,1147882,4,209,1,0
30,58,1025569,7,247,1,1
24,9,1079908,9,118,0,1
44,31,208407,5,227,0,0
27,66,1135093,4,102,0,1
51,62,232157,1,288,0,0
53,19,772982,9,239,1,1
42,55,1274766,11,231,0,1
23,28,1474622,4,289,0,1
41,50,1415554,9,153,1,1
35,65,1496453,11,169,1,1
40,3,636296,2,158,0,1
23,52,352844,12,112,1,1
46,10,212892,14,50,0,1
42,21,763372,1,35,0,0
34,37,413269,13,12,1,1
63,15,1234278,2,217,1,0
41,9,970596,3,242,0,1
28,44,1289497,1,222,0,0
43,39,272444,13,207,0,1
68,5,1162343,3,268,0,1
51,25,573863,3,221,1,0
45,56,669340,14,287,0,1
20,64,871430,5,11,0,0
28,52,1324937,11,186,0,1
55,9,754879,4,168,1,1
31,10,1039069,6,292,0,1
68,10,1332812,10,105,1,1
43,62,462691,6,175,0,0
65,60,168125,2,40,0,0
38,19,601490,8,248,1,1
56,38,1075492,6,266,0,1
47,6,865378,6,221,0,1
25,15,1486005,1,112,0,0
68,47,1349685,14,283,1,1
37,45,1171999,11,277,1,1
65,5,184693,9,202,1,1
49,53,315777,2,261,0,0
39,66,938185,2,281,1,0
24,62,1362022,11,143,0,1
26,23,726889,12,242,0,1
62,44,851323,5,269,0,1
18,52,937059,3,34,1,0
46,46,436725,3,297,0,0
25,19,143347,0,52,0,0
21,47,460347,5,149,0,1
52,52,640236,7,12,1,1
20,24,125118,7,266,0,1
62,17,878790,14,96,1,1
57,46,1097197,7,85,1,1
24,64,226677,4,264,1,0
44,28,1165597,9,70,0,1
18,50,1118613,5,16,1,1
44,64,148215,4,188,0,0
33,28,363367,3,9,0,1
55,56,1315758,11,165,1,1
24,59,190162,3,38,0,0
61,5,907958,3,218,1,0
40,54,1354040,3,93,1,1
58,44,1133438,13,157,1,1
28,42,1187405,14,33,0,1
59,57,1096572,5,288,1,1
50,47,1200438,14,11,0,1
67,25,751336,5,232,0,1
53,44,513552,4,86,1,1
54,15,130796,11,92,1,1
58,51,1083920,10,106,0,1
34,53,910920,13,192,1,1
52,34,1112068,10,9,1,1
65,8,554673,8,124,1,1
22,70,196931,7,274,0,1
65,21,785621,9,278,1,1
49,7,1224096,5,127,0,1
20,56,998019,10,184,0,1
69,49,658549,8,58,1,1
64,42,741655,4,181,0,0
52,23,377851,9,73,0,1
69,52,380153,14,1,0,1
31,53,642519,3,242,0,0
65,16,391969,13,227,0,1
48,37,509141,5,47,1,1
48,18,625604,3,5,1,1
34,20,1076567,7,42,0,1
41,46,708158,6,144,0,1
69,2,1245184,4,126,0,1
40,63,495242,9,245,0,1
35,3,1346731,5,120,1,1
67,46,377433,10,231,0,1
31,49,1213596,6,188,0,1
67,1,925711,1,284,1,0
32,22,468205,8,241,0,1
32,14,185643,6,77,0,1
23,45,490233,7,57,1,1
44,6,1035860,13,180,0,1
32,65,1342183,4,69,1,1
67,21,689488,14,264,0,1
53,4,1047547,2,203,1,1
25,3,342950,1,169,0,0
32,30,1136796,14,294,0,1
20,31,1292443,1,246,0,0
64,34,706824,2,58,0,0
30,20,317507,0,299,0,0
58,54,318183,0,10,0,0
51,25,643293,6,4,0,1
41,15,210737,9,204,1,1
57,38,970445,11,244,0,1
49,23,880004,10,248,0,1
49,52,322316,7,104,0,1
47,66,578706,5,241,1,0
69,57,740042,6,271,0,1
66,57,327243,0,6,0,0
30,52,231777,13,223,0,1
18,35,413654,0,216,0,0
51,14,932725,8,43,0,1
32,14,1119620,4,25,1,0
61,33,930852,6,291,1,1
31,52,513368,5,180,0,0
46,1,1207854,3,91,0,0
51,34,1072634,0,267,0,0
35,19,1085359,3,67,0,0
24,24,160216,9,150,0,1
46,4,697987,9,103,0,1
48,36,1410929,7,87,0,1
42,58,498050,12,94,0,1
55,32,524728,11,285,0,1
31,9,431642,10,2,1,1
25,67,506244,12,207,0,1
44,20,1404481,0,101,0,0
19,62,1462262,1,176,0,0
34,58,1301551,7,198,0,1
54,22,504933,14,7,0,1
31,67,1120602,1,244,0,0
42,48,869893,10,292,0,1
47,8,921644,12,177,1,1
46,15,403244,11,81,1,1
37,32,751503,14,111,0,1
38,53,676304,9,20,0,1
39,67,1398513,8,33,1,1
52,4,1299968,2,254,1,1
54,30,1167877,2,26,0,0
33,13,970149,5,7,1,1
67,21,354531,2,17,0,0
66,41,692397,8,232,1,1
60,19,1429693,10,190,0,1
34,48,798119,7,149,0,1
33,63,609365,3,155,0,0
19,20,1365985,5,46,0,1
21,64,1111684,7,138,0,1
38,37,979491,3,141,0,0
56,31,199017,14,13,0,1
51,18,1101847,12,258,0,1
47,20,352980,4,235,1,1
23,11,560642,6,6,1,1
34,44,775311,7,38,0,1
56,64,1310953,6,184,0,1
42,34,1491835,7,114,0,1
22,65,1223982,3,109,0,1
22,55,884512,0,64,1,0
37,1,651130,5,230,0,0
33,38,1028220,4,280,0,1
68,9,1363374,10,30,1,1
58,71,469199,14,85,0,1
54,17,583956,3,137,1,0
57,52,146408,1,76,0,0
26,18,732695,0,136,0,0
22,63,1185106,8,121,0,1
59,33,210047,11,263,1,1
19,4,1109424,1,96,1,0
26,52,946162,8,18,0,1
60,9,699911,5,285,0,1
53,64,701946,12,8,0,1
39,30,950340,5,82,0,1
39,8,1492097,1,46,1,0
39,5,977550,5,89,1,1
51,63,943824,2,0,1,0
46,1,1486298,14,161,0,1
55,15,126505,6,152,0,1
63,38,188830,12,0,0,1
50,42,1232628,9,145,0,1
35,46,1417652,3,160,0,0
24,53,969877,8,134,0,1
18,26,785601,4,285,0,0
50,61,1296360,11,76,0,1
18,67,129105,9,80,0,1
41,54,1255659,2,268,0,0
21,22,130382,0,268,0,0
21,26,450036,0,41,0,0
35,60,613875,12,123,1,1
44,39,119589,3,229,0,0
60,36,794961,14,201,0,1
49,21,482973,9,106,0,1
50,41,533891,9,291,0,1
45,48,265438,3,290,0,0
59,26,497067,8,173,0,1
58,63,1372232,7,86,1,1
53,36,340385,3,4,1,0
23,24,1087647,5,171,0,1
33,21,879648,6,120,0,1
51,18,141971,9,155,0,1
40,15,580704,7,86,0,1
67,6,891091,3,97,0,0
59,43,1415118,0,134,0,0
41,31,1046124,4,6,0,0
66,28,1371089,13,259,1,1
30,8,1028300,0,31,0,0
35,29,1327191,10,27,0,1
30,21,294886,10,259,0,1
66,58,1384664,3,243,1,1
54,60,675463,6,263,0,0
60,50,638225,6,141,0,1
56,31,1114571,0,29,0,0
59,47,1299217,8,129,1,1
34,34,1341595,1,265,1,0
32,2,374487,4,69,0,1
35,67,1467595,5,118,0,0
40,52,1195379,0,69,0,0
68,7,1470657,13,207,1,1
47,19,177069,11,90,1,1
51,15,1048636,1,119,0,1
21,48,524572,6,206,0,0
20,14,1164014,5,255,1,1
24,3,257438,5,34,0,0
35,50,965936,5,123,0,1
59,54,903922,13,111,0,1
24,6,774533,13,206,0,1
57,49,1290024,6,101,0,1
23,23,1108154,9,193,1,1
39,20,428398,11,240,1,1
18,60,427985,13,146,0,1
21,45,580566,13,131,1,1
63,61,1452067,11,219,0,1
66,56,665972,8,103,0,1
69,2,654999,8,40,0,1
67,45,1325618,14,55,1,1
60,40,1304218,1,249,0,1
46,24,528580,1,241,1,0
38,29,802969,4,126,0,1
43,67,1036323,9,149,0,1
31,68,640076,6,148,0,1
26,66,675343,11,168,1,1
64,54,568648,13,44,0,1
29,53,972894,11,83,1,1
59,49,1161952,14,7,0,1
68,32,1301523,12,106,0,1
68,61,934038,2,264,0,0
23,42,964825,14,145,1,1
37,1,1473716,14,30,0,1
41,63,887715,2,243,0,0
44,35,180456,3,34,0,0
55,51,165783,2,246,0,0
25,71,1482898,14,17,0,1
18,45,379509,14,23,1,1
66,65,1120171,2,277,1,0
66,14,1297597,7,29,0,1
41,3,1003261,6,142,1,1
64,24,788863,12,276,0,1
24,65,438531,6,11,0,1
36,48,179942,14,202,0,1
39,10,1019339,13,249,0,1
52,13,1480971,9,102,1,1
47,14,355385,1,34,0,0
46,10,1203356,10,19,0,1
39,40,1214988,8,46,0,1
28,23,1388719,12,83,0,1
37,55,1046950,5,267,0,0
46,63,198975,13,52,0,1
68,71,1278364,2,272,0,0
58,42,1409784,8,17,0,1
59,66,1084670,8,103,1,1
51,47,1401775,5,151,1,0
18,52,947094,12,164,0,1
48,18,1146527,9,83,0,1
47,18,180249,5,150,1,0
65,24,680813,7,36,0,1
35,23,213094,7,151,1,1
34,12,1466923,14,207,0,1
55,23,1361634,5,49,1,1
31,21,1110650,6,219,0,1
40,64,1236173,3,46,0,0
42,34,364234,0,17,1,0
32,2,1044356,3,121,1,1
63,69,570459,7,281,1,0
39,31,878473,11,119,0,1
20,68,813926,12,250,0,1
36,70,553104,7,298,1,1
61,19,264895,13,46,0,1
51,13,1049511,1,84,0,0
52,65,990992,14,298,1,1
67,6,1031645,6,159,1,1
18,71,112746,12,6,0,1
69,27,889779,0,244,0,0
38,52,1026865,1,214,1,0
46,48,736260,13,211,0,1
23,68,1414821,7,211,0,0
54,44,1058957,10,287,0,1
18,17,201483,9,217,1,1
68,38,525884,14,250,0,1
18,10,341411,12,180,1,1
44,54,326218,12,91,0,1
38,6,1428467,3,217,0,1
33,6,1294657,13,289,0,1
61,52,1050414,2,89,0,1
57,15,776575,13,196,0,1
43,68,1074455,1,183,1,0
33,57,1027580,10,65,0,1
45,56,1003044,5,97,0,0
18,7,266321,3,23,0,1
53,51,306690,2,219,0,0
27,58,664952,2,173,0,0
60,64,551501,9,244,1,1
34,26,565802,2,113,0,0
40,58,663067,11,265,1,1
24,31,421456,7,222,0,1
61,66,279170,8,234,1,1
24,13,635702,8,109,0,1
61,18,1316566,4,12,1,1
32,13,879711,0,124,1,0
51,24,895630,9,166,0,1
63,57,723812,4,52,0,0
62,29,268501,0,185,1,0
21,56,1346981,8,275,0,1
31,54,834061,12,9,0,1
31,5,1364439,9,146,0,1
33,35,485537,12,117,1,1
24,19,860669,14,17,1,1
49,55,358469,7,225,0,1
36,69,745047,6,111,0,0
19,44,694436,1,71,1,0
27,38,1070413,1,143,1,0
67,62,1108320,13,103,0,1
34,22,732457,3,214,0,1
54,40,131528,8,76,0,1
29,26,603411,13,25,0,1
23,5,498169,8,229,1,1
39,54,750016,13,192,1,1
49,49,710522,7,102,0,1
58,3,284887,10,204,1,1
37,38,1469841,14,259,1,1
18,14,1390497,4,232,0,1
64,47,1432736,13,50,0,1
23,14,506464,6,130,0,1
36,38,510492,11,65,0,1
35,64,720832,8,201,0,1
23,44,1297003,2,283,0,1
62,70,1098179,3,299,1,0
50,65,645817,1,145,1,0
40,25,267086,8,257,0,1
40,16,744830,6,103,0,0
43,15,1430816,5,150,0,1
30,3,719941,4,117,1,0
24,67,695241,11,198,1,1
32,37,480983,6,278,0,0
61,55,555486,2,104,1,0
44,38,1468983,4,9,0,1
43,63,1005672,1,112,0,0
50,1,784524,4,26,0,1
32,71,138441,6,98,0,0
53,19,1211903,14,256,0,1
62,52,462605,10,135,0,1
44,30,870629,9,225,0,1
22,55,199099,10,126,0,1
19,14,1225501,6,115,0,1
50,13,413179,8,289,0,1
33,27,472007,2,170,0,1
40,9,375634,7,211,0,1
55,41,630332,4,188,0,1
33,48,913941,6,264,0,1
31,12,652132,0,213,1,0
46,10,232278,0,88,0,0
43,6,440776,3,129,0,1
52,34,1309198,4,22,1,0
32,52,1404269,12,178,0,1
20,41,924125,9,19,0,1
40,6,184533,2,241,0,0
46,2,462163,5,239,0,0
51,15,343815,2,28,0,0
50,17,187165,4,244,0,1
58,16,1182913,10,119,0,1
58,28,1165636,12,31,1,1
40,10,866896,14,139,1,1
24,10,1060297,0,157,0,0
20,10,311213,2,59,0,1
49,28,568085,6,138,0,0
48,24,148993,2,211,0,0
35,19,703747,4,138,0,0
60,68,610956,6,110,1,0
24,56,1052303,12,250,0,1
58,67,469750,1,98,1,0
18,42,1087369,2,177,0,0
31,12,613147,3,0,1,0
69,18,891754,4,88,0,1
49,23,854719,11,112,0,1
23,6,1401966,8,282,0,1
56,53,270947,8,115,0,1
27,42,276221,3,31,1,0
24,66,1227945,13,261,0,1
43,30,904566,8,40,1,1
51,9,1418295,3,166,1,1
47,42,1499027,1,220,0,0
53,34,1242841,9,213,1,1
38,40,1315428,0,130,0,0
34,17,906244,6,47,0,1
50,29,668810,3,133,1,0
27,50,1236959,11,6,1,1
68,49,1435652,7,43,0,1
64,61,352020,7,85,1,0
59,46,318247,11,47,0,1
68,46,1197542,7,239,1,1
29,17,595911,5,151,0,0
33,66,1194156,8,257,0,1
58,5,1391364,13,43,0,1
49,54,271162,3,167,0,0
32,16,388343,4,274,1,0
44,7,769197,3,190,0,0
45,8,275231,4,151,0,1
34,38,636976,1,49,0,0
63,54,1052261,4,275,0,0
67,15,356738,9,94,0,1
19,50,1239216,7,241,0,1
53,56,590021,8,104,0,1
67,9,684827,6,259,0,1
24,8,872455,6,137,0,1
30,19,755423,13,182,0,1
32,51,1233308,5,56,1,0
42,57,1061285,1,239,0,0
40,68,1381979,9,104,0,1
39,31,1294607,11,64,0,1
43,3,853765,10,139,1,1
50,43,1310928,9,61,0,1
28,29,586676,12,151,0,1
27,10,537474,8,129,1,1
42,12,1405622,13,125,0,1
54,46,258539,4,211,0,1
65,30,903996,5,161,0,1
60,32,425402,0,204,1,0
55,47,203813,4,28,0,1
58,63,1082164,5,181,0,1
62,26,156682,9,50,0,1
41,3,627016,10,234,0,1
57,23,529252,1,13,1,0
63,50,1233190,6,57,1,0
50,36,765634,13,136,0,1
34,13,677755,3,127,0,1
41,29,1003041,4,36,1,0
54,38,1368408,2,267,0,1
19,5,486564,4,84,0,1
49,20,441574,11,209,0,1
41,14,126965,3,138,0,0
26,8,596368,11,26,0,1
21,48,785918,13,232,0,1
34,13,684095,9,170,0,1
34,24,938952,5,177,0,0
67,65,1270770,1,19,0,0
65,34,1110469,2,263,1,0
47,51,1035209,11,196,1,1
57,3,288151,14,63,0,1
28,58,1070404,9,43,0,1
38,55,1277911,0,243,1,0
38,42,1105286,6,11,1,1
35,21,669398,8,259,0,1
46,10,362677,1,295,0,0
41,57,1461690,6,256,0,0
27,25,1065806,14,234,0,1
62,56,1429445,2,246,0,0
34,38,1212943,4,140,0,0
35,61,1482950,5,180,1,1
59,47,694830,7,152,0,1
65,54,192534,3,43,0,0
37,46,464993,1,108,1,0
54,68,535644,2,97,0,0
62,4,877275,7,226,0,1
35,66,727499,6,80,1,1
34,43,1215347,5,217,0,0
26,62,274746,4,148,0,0
31,4,1387852,10,75,0,1
66,65,197519,4,79,0,0
46,62,582791,0,51,0,0
48,2,1375600,13,62,0,1
21,9,953113,5,83,0,0
35,57,1041308,12,254,1,1
37,45,1412195,8,58,1,1
64,18,1012536,7,7,0,1
60,48,570908,11,75,0,1
61,42,979923,9,77,0,1
26,41,1236175,14,123,0,1
30,58,1197020,0,11,1,0
32,42,287920,10,279,1,1
44,35,1497578,12,44,0,1
32,38,1344504,5,52,0,1
45,67,311540,2,180,0,0
54,41,537455,5,233,1,1
36,50,682183,8,185,0,1
43,45,162559,5,292,0,1
69,71,1041507,14,74,1,1
43,19,777861,7,197,1,1
42,17,393236,13,78,0,1
43,65,1360167,14,232,0,1
43,56,921036,5,167,0,0
63,41,449968,5,22,0,0
45,42,408904,14,229,0,1
66,6,106476,6,134,0,1
35,69,1015848,10,292,0,1
49,40,198138,12,37,0,1
20,41,1401609,9,231,1,1
19,9,1256196,10,167,0,1
50,8,1264646,3,284,0,1
59,44,1224074,12,102,1,1
36,58,128439,12,144,1,1
34,67,103400,7,242,0,1
61,13,1238552,14,147,0,1
50,19,343305,3,152,0,1
29,49,1015850,14,294,0,1
66,30,1173186,6,125,1,1
20,66,675644,0,191,0,0
60,59,1430448,11,82,0,1
66,53,583055,8,20,1,1
43,52,931694,9,287,1,1
52,31,1412348,8,283,0,1
25,15,699345,6,267,1,1
69,20,728337,7,120,0,1
53,5,684141,1,110,0,1
24,7,1444778,9,78,1,1
63,18,980848,13,84,0,1
63,56,1079898,13,79,0,1
53,45,1344726,11,150,0,1
33,28,1298618,14,243,1,1
41,50,1449611,9,217,1,1
18,2,936539,6,14,0,1
66,68,948385,0,100,0,0
42,24,862435,2,267,0,0
27,48,1112883,5,34,0,1
33,45,149108,4,282,0,0
33,58,872045,4,124,0,1
25,36,729575,8,223,0,1
46,2,647881,5,160,0,0
56,18,1498939,2,12,0,1
45,49,1036388,14,164,0,1
23,8,421130,1,257,1,0
33,58,877499,13,292,0,1
37,15,760667,8,113,0,1
33,17,991503,14,119,1,1
24,23,456858,9,68,0,1
58,66,553764,13,273,0,1
31,70,506798,3,47,0,0
60,27,420109,10,57,0,1
43,37,863807,4,77,0,1
43,49,339027,8,203,0,1
31,64,763385,4,224,1,0
24,34,537160,6,262,0,1
50,18,292259,1,102,0,0
43,64,1233300,1,108,0,0
62,44,336515,3,264,0,0
37,17,520506,7,55,0,1
20,59,599348,1,251,0,0
69,13,302811,9,299,0,1
21,52,894303,6,71,0,1
43,60,835558,12,140,1,1
28,42,202318,12,179,0,1
19,64,701269,0,202,0,0
31,66,211376,8,270,0,1
61,34,473502,9,109,1,1
47,71,234577,5,81,1,1
66,64,534694,10,83,1,1
29,33,1420218,0,256,1,0
43,12,868396,9,192,1,1
61,19,1466977,5,138,1,1
50,9,287130,13,220,0,1
30,17,1235571,4,188,0,0
31,50,717854,13,196,1,1
41,39,1264074,11,73,1,1
51,41,710884,4,197,1,0
61,10,316382,4,259,0,0
43,12,409061,3,198,1,0
38,15,592130,6,136,1,1
45,28,225154,14,174,0,1
65,4,1431650,12,132,0,1
53,36,703317,8,26,1,1
57,65,596547,12,256,0,1
19,47,1424358,3,50,0,0
59,39,1416444,1,143,0,0
26,38,1147182,1,235,0,0
40,44,165738,1,159,1,0
32,51,1247281,6,270,0,1
30,26,233099,3,153,0,0
40,36,1294455,3,36,0,0
34,69,1242538,0,216,1,0
65,1,163109,3,129,1,0
19,53,362322,5,75,0,0
37,6,1154393,1,287,1,0
37,37,593499,3,196,0,1
63,2,697009,10,216,0,1
20,69,750050,6,98,0,1
29,41,628272,12,284,1,1
57,51,1474816,8,229,0,1
19,47,973373,1,108,1,0
53,13,1093276,7,163,0,1
31,69,332359,13,115,0,1
33,66,829438,5,70,0,1
36,59,1120090,7,213,1,1
51,68,734202,1,52,0,0
61,59,524558,13,84,0,1
63,10,1156564,10,75,1,1
23,13,1142351,0,266,0,0
30,2,1180646,6,247,1,0
53,15,1246067,12,285,0,1
39,46,123659,8,78,0,1
35,57,700240,8,106,0,1
29,10,1407050,14,81,0,1
69,22,940210,1,201,0,0
47,8,198113,3,229,0,0
68,21,548929,12,226,0,1
57,22,1171312,0,19,0,1
24,45,1128311,10,267,0,1
49,40,825704,6,177,1,0
65,22,990624,1,139,0,0
36,30,1350921,3,79,0,0
23,62,1345147,11,181,0,1
37,45,1445846,1,73,0,0
44,35,751022,0,146,0,0
60,42,1402910,6,232,0,0
54,5,916084,5,141,0,0
65,27,629678,1,149,0,0
24,70,677780,13,131,0,1
22,62,542433,3,238,0,1
28,32,1339981,11,161,1,1
32,8,1232680,10,249,0,1
20,18,1014065,2,127,0,0
22,15,1106224,11,273,0,1
40,26,1076360,2,81,0,0
54,53,1354305,2,231,1,0
26,44,187743,10,30,1,1
32,32,379708,3,233,1,0
20,28,1407581,0,83,0,1
46,39,820375,0,41,1,0
23,32,373468,6,201,0,0
34,18,441373,4,250,0,1
43,70,1361107,2,84,0,1
38,11,1183176,8,182,0,1
25,32,358590,4,265,0,0
38,20,1142841,9,70,0,1
28,40,1322706,2,21,0,1
55,8,230047,8,75,0,1
25,35,1090177,0,268,0,0
59,69,635646,13,167,1,1
41,21,1219919,8,239,0,1
52,24,345258,13,50,1,1
31,17,1097899,4,82,1,0
31,18,1200844,5,89,0,1
27,12,934337,1,12,0,0
29,16,949100,7,156,0,1
55,4,253306,14,198,0,1
61,34,307687,2,153,1,0
63,46,563095,0,197,0,0
51,31,563380,6,223,1,1
58,25,188104,11,117,0,1
27,24,1438826,2,150,1,0
34,65,829877,3,243,0,0
34,25,1117108,14,74,1,1
20,28,593467,4,212,1,1
48,36,410541,0,274,0,0
68,6,805870,10,243,0,1
18,66,1066963,10,177,0,1
29,67,1117258,8,107,1,1
56,48,413419,6,290,0,1
21,70,771377,1,176,0,0
59,67,179372,12,173,0,1
30,48,1228298,0,92,0,0
51,65,1457908,13,99,0,1
59,44,655404,10,180,0,1
38,63,420882,1,158,0,0
39,46,906888,2,95,0,0
21,19,234706,11,231,0,1
35,64,489078,2,250,0,0
22,71,1169432,7,66,0,1
36,50,823355,4,236,0,1
19,63,857370,8,18,1,1
29,41,445270,2,286,0,0
34,7,1222713,5,287,0,1
27,9,955437,3,206,0,0
51,4,1042295,7,102,0,1
23,49,624636,11,158,0,1
25,6,898289,0,194,1,0
68,21,203053,3,50,0,1
28,15,275101,6,223,0,1
29,67,579130,8,201,1,1
26,66,1345186,12,91,0,1
19,56,346877,0,154,0,0
25,68,1436378,7,175,0,1
28,32,473142,1,109,0,0
53,66,442033,3,298,1,0
27,29,285070,3,222,0,1
38,66,1388039,13,178,0,1
37,34,225513,7,225,0,1
65,27,544747,10,74,0,1
25,60,748180,1,70,1,0
53,39,415560,6,208,0,0
46,44,1397159,2,102,1,0
59,36,1047871,8,40,0,1
29,19,248304,4,279,1,1
31,45,683336,13,29,0,1
65,21,1120844,11,242,0,1
67,23,297128,14,51,1,1
38,27,349336,7,56,0,1
39,19,645785,14,189,1,1
38,41,1000441,4,78,0,0
61,26,585679,0,195,0,0
67,28,1154834,8,196,1,1
47,64,418103,9,30,1,1
56,68,659190,10,29,1,1
37,51,137606,11,112,1,1
41,48,1465689,6,137,0,0
40,10,186465,3,221,0,1
24,39,582929,6,171,1,1
26,19,1018289,4,154,0,1
18,64,1484399,9,275,1,1
43,19,1238204,13,219,0,1
55,62,480929,8,275,0,1
55,13,113635,1,11,0,0
61,25,1161985,3,84,0,0
39,42,1328404,5,221,0,1
61,39,118541,10,48,0,1
27,30,1206598,4,179,1,0
23,5,169064,0,9,0,0
34,18,267399,8,260,0,1
68,21,1369702,8,185,1,1
67,50,1173522,2,228,1,0
55,6,1278198,3,157,0,0
41,50,1042060,3,272,1,0
68,66,599658,9,20,0,1
27,1,465589,7,15,1,1
25,57,1001841,5,282,1,1
38,30,477755,14,114,0,1
23,58,646063,1,5,1,0
38,52,1369225,3,297,1,0
56,37,1018339,0,258,0,0
41,48,528963,2,39,0,0
50,1,798645,3,275,0,0
35,19,1062388,7,231,0,1
45,46,114927,2,6,1,0
69,67,1284169,4,92,0,1
49,2,406230,0,20,0,0
29,56,1293928,12,10,1,1
65,17,163266,3,49,1,0
59,22,1130584,1,264,1,0
44,27,1310401,3,44,0,1
27,55,282600,4,284,0,0
63,32,1086499,2,270,0,0
69,60,719259,13,274,0,1
59,28,1307725,5,34,0,1
49,28,349307,11,140,1,1
59,25,822044,14,143,0,1
43,26,513218,1,244,0,0
42,71,1079524,4,192,0,1
28,17,410584,3,34,1,1
40,7,1056902,4,271,0,1
51,56,1339164,12,177,0,1
69,64,695754,8,269,0,1
57,20,1143090,5,150,0,1
40,38,965356,6,98,1,1
46,58,221411,13,28,0,1
48,16,643979,10,149,0,1
24,51,643489,7,207,1,0
57,27,1418141,14,261,0,1
50,51,729639,8,209,0,1
38,16,1031058,13,88,0,1
19,60,552044,4,236,0,0
35,40,550836,7,247,1,1
64,67,433268,1,257,0,0
50,2,713595,9,191,0,1
54,48,977792,8,95,0,1
51,52,344636,1,35,1,0
37,24,946677,12,95,1,1
52,2,994585,14,36,1,1
68,65,1387897,11,233,0,1
67,20,145562,4,101,1,1
35,34,259306,5,179,0,1
63,41,1496042,3,69,0,0
41,41,333708,7,106,1,1
25,23,508914,9,270,1,1
47,38,1370511,14,46,1,1
61,44,1427268,2,107,1,0
27,67,355644,10,68,1,1
40,62,689522,12,1,0,1
69,12,1166916,4,218,0,1
66,30,693684,1,44,0,0
28,65,1307513,2,232,0,0
19,41,331144,7,188,1,0
43,20,815127,10,121,1,1
53,6,302834,4,64,0,0
50,4,702542,13,148,1,1
64,10,734480,2,248,0,1
30,51,860285,4,66,1,0
57,38,1067438,8,58,1,1
42,1,1275234,2,114,0,1
21,8,1409040,11,115,0,1
59,63,288044,14,236,0,1
36,33,1436250,9,46,1,1
35,15,1338984,6,108,0,1
54,31,683291,7,273,0,0
47,21,1001839,4,112,0,1
36,3,1215762,2,32,0,1
40,66,1189229,10,279,1,1
33,35,492647,5,291,1,1
18,41,873621,12,161,0,1
29,59,1406002,11,89,0,1
41,16,1326680,2,50,0,1
51,56,677823,8,143,0,1
25,45,993270,1,103,0,0
35,59,1498993,12,169,0,1
65,50,356653,2,15,0,0
22,12,317418,6,132,0,0
43,12,915468,13,169,0,1
47,33,1491803,13,29,0,1
30,49,678044,9,159,0,1
36,21,717027,7,146,1,1
46,60,1010780,4,236,0,0
20,52,371449,4,174,1,1
43,54,567565,4,71,1,0
57,39,428580,3,126,0,0
29,49,365891,8,195,0,0
19,64,276096,5,184,0,0
28,26,805983,12,149,0,1
61,71,1433965,11,213,0,1
45,7,600038,12,93,0,1
35,62,558825,7,57,1,1
30,24,214938,7,218,0,1
54,40,1347681,4,218,0,0
39,47,552962,11,12,1,1
29,8,239559,8,282,1,1
19,54,1066953,1,139,0,1
54,9,981991,13,273,0,1
24,3,845773,7,118,0,1
43,54,669855,2,270,0,0
43,21,1344497,6,96,1,1
41,48,1403112,12,46,0,1
29,47,303125,8,151,0,1
33,68,865480,13,172,0,1
40,63,1408803,10,274,0,1
57,16,1264898,4,236,0,1
26,5,1269293,14,30,1,1
49,11,1124052,10,212,0,1
32,29,760975,7,271,0,1
54,70,897311,3,77,0,1
30,48,983923,14,278,1,1
22,15,283068,13,40,1,1
28,34,506294,0,145,1,0
27,60,628878,0,11,1,0
69,62,809460,5,247,1,1
30,2,1421630,7,228,0,1
58,19,1127935,9,178,0,1
63,49,1311624,1,159,0,0
67,28,1432294,10,220,0,1
32,48,581468,3,163,1,0
59,37,133430,2,167,0,0
24,49,1200815,12,218,0,1
57,48,940345,8,69,0,1
45,29,985404,2,259,0,0
49,60,455420,10,62,0,1
52,29,502693,7,245,0,1
32,58,1214272,13,49,0,1
65,48,275277,6,285,1,0
53,23,313009,0,233,0,0
38,27,290991,7,15,0,1
23,7,604679,8,3,1,1
18,49,1000004,7,281,0,1
21,54,864173,9,156,1,1
28,68,1260259,9,219,1,1
61,42,1436349,0,50,1,0
43,59,998868,14,41,1,1
54,44,937795,10,134,0,1
40,26,893501,12,273,0,1
46,23,1071789,10,258,0,1
38,8,204726,6,190,0,1
65,53,956495,12,255,0,1
62,14,381243,8,235,0,1
62,71,401577,13,275,1,1
66,7,139875,4,72,0,1
44,9,1360715,1,73,0,0
56,3,1015813,13,122,0,1
57,17,760492,7,69,1,1
30,44,719220,14,78,1,1
40,46,274311,8,247,0,1
33,58,685179,6,186,1,1
47,28,469110,11,140,0,1
21,14,455487,12,297,0,1
57,9,873380,4,43,0,1
33,26,1437916,7,246,0,1
48,2,312601,14,225,1,1
59,34,940281,5,66,0,1
42,19,1371142,11,275,0,1
61,39,1188089,3,252,1,1
29,13,335010,0,279,1,0
43,5,341943,5,178,0,1
54,50,270100,7,278,0,1
65,23,442625,2,128,0,0
50,29,1100609,11,114,0,1
45,26,188915,6,273,1,0
26,57,1011222,12,201,0,1
29,1,138877,11,116,1,1
22,28,648136,6,34,0,1
69,62,1133809,8,105,0,1
45,47,506885,0,248,1,0
52,59,1420595,4,151,0,0
22,31,442533,7,140,0,1
51,70,954393,12,294,1,1
63,49,722264,12,161,0,1
51,5,200091,2,146,0,0
30,31,1118392,4,255,0,0
56,37,1165128,13,90,0,1
59,15,1312930,0,217,1,0
62,52,1315851,8,138,1,1
65,69,1382477,3,176,0,0
31,11,839896,4,290,1,0
28,43,176105,2,75,0,0
59,70,977234,13,56,1,1
55,23,173301,1,27,1,0
21,40,518144,11,149,0,1
50,63,542126,13,198,1,1
24,2,1163255,6,163,0,1
58,47,1247997,10,181,0,1
25,30,1182749,4,239,0,0
54,16,1458585,10,241,1,1
68,59,138182,9,65,1,1
27,47,663397,13,170,0,1
60,30,510277,2,132,0,0
32,9,731334,14,80,0,1
55,65,1379618,1,164,0,1
32,59,689812,9,62,0,1
22,64,293180,5,50,0,1
46,8,965244,9,71,0,1
36,52,997004,5,42,0,1
68,18,786636,2,215,0,0
27,58,618344,14,190,0,1
29,49,426994,12,157,1,1
21,32,1105284,8,89,0,1
48,48,523817,0,103,0,0
35,45,1117069,2,50,0,0
33,54,150324,12,253,0,1
57,46,965858,0,106,1,0
53,31,609958,6,293,0,1
42,37,667140,1,235,0,0
40,16,1065411,10,104,1,1
29,46,252130,10,254,1,1
51,46,989932,11,19,1,1
53,61,1448072,3,71,0,0
54,46,1415741,3,116,0,0
20,51,909046,13,129,0,1
26,62,1469851,12,119,0,1
35,35,274022,7,212,0,1
60,42,274492,10,228,1,1
52,45,626919,3,182,0,0
51,68,468544,2,133,1,0
58,47,147674,9,230,1,1
31,30,1175420,11,245,1,1
21,24,1220412,2,251,0,0
46,66,1139540,4,224,0,0
58,43,891794,5,156,1,1
62,34,1418817,6,118,0,1
67,23,760959,12,93,0,1
32,61,846348,4,227,0,0
45,37,802733,6,185,1,1
59,13,1143876,3,184,0,1
33,71,104258,4,279,0,0
29,7,284343,5,229,1,0
69,42,1482896,8,264,1,1
22,38,379405,5,157,0,0
51,52,481317,9,76,0,1
59,44,675984,13,81,0,1
18,64,1317475,10,180,0,1
56,13,901573,0,195,1,0
49,28,1044256,11,59,1,1
43,1,1237660,10,150,1,1
34,43,193219,6,60,0,1
65,42,676968,13,134,1,1
44,50,643080,10,38,1,1
41,60,415244,12,252,1,1
52,1,224118,10,105,1,1
63,51,1347518,2,232,1,0
59,16,493983,5,169,0,1
56,39,1114684,1,216,1,0
43,15,913424,14,13,0,1
66,33,129570,13,15,0,1
55,53,1344345,11,218,1,1
40,17,308345,6,168,0,1
39,6,1109925,0,13,0,0
21,31,743859,12,242,1,1
66,69,186126,1,7,1,0
26,40,613852,8,282,1,1
21,30,467533,8,110,1,1
24,69,887176,6,39,1,1
40,7,323766,1,67,1,0
19,13,775918,4,122,0,1
66,4,289933,3,165,0,0
41,50,1442979,1,202,0,1
57,3,872604,1,127,0,0
48,12,514666,9,151,1,1
64,65,792289,7,145,0,1
48,27,882223,4,48,1,1
64,50,1485842,7,2,0,1
57,17,1017790,1,250,0,0
65,32,590726,1,76,0,0
68,51,798922,10,219,1,1
60,17,1350283,10,227,0,1
51,34,378531,2,117,0,0
41,35,1000797,10,266,1,1
66,24,122319,9,234,0,1
43,54,755771,7,167,0,1
33,18,998534,14,259,0,1
64,50,902136,7,192,0,1
30,46,1027613,2,183,1,0
32,48,560108,0,9,0,0
44,33,1353533,6,140,1,1
21,27,511200,3,21,0,1
33,1,1307108,2,192,1,1
47,59,746133,4,91,0,1
61,10,754605,11,96,0,1
47,25,1268823,5,140,0,1
53,57,762556,13,256,0,1
20,66,937966,0,37,1,0
39,15,1162125,11,246,0,1
66,28,1132344,11,255,0,1
39,13,109821,8,297,0,1
67,14,1184140,5,84,1,1
67,66,1155858,2,36,1,1
66,34,816506,0,184,1,0
29,25,305855,12,97,0,1
38,54,110771,8,29,0,1
21,12,423636,1,190,0,0
48,9,1061229,13,278,1,1
61,31,320354,9,200,1,1
48,53,112236,5,188,0,0
40,43,398065,5,257,0,0
37,38,386720,11,154,0,1
32,42,231238,2,227,1,0
40,48,245724,10,4,1,1
45,67,1104484,5,128,0,1
33,66,639521,13,73,1,1
54,16,364029,1,23,1,0
38,16,326972,7,278,0,1
32,31,311316,12,205,0,1
34,58,1247779,0,145,0,0
67,28,734047,5,88,0,0
54,4,1348596,13,21,0,1
30,10,242841,0,299,0,0
36,51,536363,8,43,0,1
47,18,730747,12,36,0,1
62,47,370280,12,6,0,1
35,32,958418,8,279,0,1
31,30,929431,5,168,0,1
53,36,189567,5,69,0,0
53,9,554497,8,212,0,1
37,36,959035,13,70,0,1
69,29,830585,4,206,0,0
36,16,992503,8,71,1,1
62,21,124272,4,179,0,1
61,64,496979,13,207,0,1
24,66,941280,13,176,1,1
61,59,1178651,3,194,0,1
21,28,1240661,1,238,0,1
51,55,784208,1,153,0,0
19,31,482314,14,153,0,1
22,33,327349,12,29,0,1
27,60,1167844,0,26,0,0
49,41,488031,9,239,1,1
59,46,1487043,13,242,0,1
58,49,741273,2,131,1,0
30,65,272692,0,178,1,0
56,42,701160,12,97,1,1
22,23,1096527,5,236,0,1
27,27,1450859,13,137,0,1
27,32,396181,10,117,1,1
55,3,178434,12,105,0,1
44,60,1297326,6,35,0,0
68,17,1133201,8,45,0,1
38,32,1060555,13,103,0,1
25,7,1166717,6,69,0,1
18,71,204882,3,206,0,0
45,69,1304212,13,220,0,1
66,58,1200132,3,88,0,0
56,40,578698,7,2,1,0
31,48,1045784,3,297,0,1
38,51,798142,0,230,0,0
47,57,1305943,8,117,0,1
38,71,944028,2,113,1,0
66,37,198236,13,201,0,1
26,55,999856,0,29,0,0
34,41,332144,8,246,0,1
22,20,345117,10,80,0,1
48,33,1486007,10,245,0,1
69,40,550169,13,183,1,1
57,34,567680,14,272,0,1
55,62,413224,12,32,0,1
60,19,820290,9,101,0,1
36,43,465861,13,276,0,1
53,69,1040716,9,110,1,1
67,63,1478446,4,205,1,1
50,10,821898,11,265,0,1
30,13,667170,14,214,1,1
31,5,123038,13,102,0,1
50,58,908883,8,294,0,1
46,59,1203928,2,77,0,0
60,59,1475028,5,174,0,1
66,15,1070358,10,51,0,1
53,1,220631,11,296,1,1
61,38,956395,10,174,0,1
27,53,1023060,11,198,0,1
48,52,1429492,6,87,1,1
23,1,259135,4,170,0,1
18,11,646997,11,36,1,1
24,58,1330500,7,122,0,1
44,40,1098359,9,200,0,1
38,60,887665,5,63,1,0
45,44,1437866,11,187,1,1
33,6,229205,5,214,0,1
63,28,1462170,12,242,0,1
40,31,274830,6,149,0,1
69,8,442469,7,123,0,1
37,5,299538,11,197,1,1
55,54,374518,12,35,0,1
42,17,150985,1,277,0,0
45,38,1435503,6,34,1,1
22,9,1453913,8,112,1,1
38,14,361204,12,174,0,1
35,26,1420762,0,32,0,0
64,62,159031,12,212,0,1
23,25,1191739,14,202,1,1
46,36,974788,11,253,0,1
36,33,458932,0,55,0,0
50,3,1019712,6,12,0,1
18,11,1385505,12,49,0,1
62,58,1162372,13,247,0,1
20,64,715250,4,232,0,0
59,18,618299,0,27,0,0
38,47,515886,13,103,0,1
52,44,386464,14,95,1,1
58,59,1430794,12,192,0,1
57,50,652219,0,124,0,0
20,69,381137,1,80,0,0
42,29,155330,10,6,0,1
62,67,526207,9,82,0,1
55,2,901435,8,23,0,1
62,25,802856,11,113,0,1
37,19,1163319,11,14,0,1
69,40,1272867,2,112,0,1
61,2,1172876,8,249,1,1
62,65,210888,5,144,0,1
51,62,1255394,12,18,0,1
38,54,1361359,9,8,1,1
65,45,171509,5,184,1,0
40,49,1158279,6,37,0,1
23,69,1363654,9,210,0,1
68,38,1344662,10,133,0,1
30,4,319888,7,101,0,1
66,17,533647,10,148,0,1
40,53,156436,14,92,0,1
26,53,383989,2,289,0,0
34,31,706065,7,139,0,1
19,22,135055,14,294,1,1
36,11,158812,5,261,0,1
36,34,194035,5,80,0,0
24,15,354948,10,31,1,1
59,10,462982,13,187,0,1
59,53,1290652,2,135,1,0
37,48,1050894,5,165,1,1
26,31,178121,10,146,0,1
34,37,237948,12,244,0,1
44,28,541320,7,182,0,1
64,31,572351,12,8,1,1
19,70,1168954,6,155,1,1
53,14,650856,9,175,0,1
36,16,357447,14,113,0,1
34,25,841584,9,242,0,1
22,39,1397534,6,166,0,1
56,66,207014,2,222,1,0
35,38,1103857,9,190,1,1
24,41,819710,13,274,0,1
34,40,1203637,2,288,0,0
56,64,699885,4,63,0,1
53,16,648689,11,281,0,1
57,59,1283458,4,172,1,0
62,11,1153478,8,256,1,1
21,1,611092,12,202,0,1
55,13,879555,8,76,0,1
42,30,1410142,9,102,1,1
22,69,971580,4,225,0,0
47,18,1460443,11,225,0,1
29,13,422743,13,226,0,1
21,32,1355847,4,95,0,0
41,71,1424687,5,75,0,0
46,50,795896,12,32,0,1
26,71,760495,12,81,0,1
21,31,1473085,7,68,0,1
68,51,448097,5,218,1,1
41,27,478471,13,119,0,1
31,60,203146,10,47,0,1
22,33,1375186,12,67,0,1
35,53,726619,12,84,0,1
59,33,655281,11,275,1,1
36,41,296868,13,255,0,1
29,19,752526,5,204,0,1
35,41,961095,8,232,0,1
34,42,871845,0,64,1,0
47,23,1265323,13,78,0,1
41,33,1388597,3,13,1,0
28,20,1414608,9,168,1,1
52,25,1476433,12,158,1,1
40,52,1418146,9,115,1,1
34,12,1218607,11,191,0,1
18,32,329645,1,182,0,0
32,33,896479,8,230,0,1
49,68,1297687,2,167,0,0
26,15,816456,9,14,0,1
32,51,1052805,10,192,1,1
45,6,538330,1,232,1,0
41,69,907798,7,262,0,1
52,69,513961,3,53,0,0
39,35,1060586,10,179,1,1
44,34,286342,1,3,1,0
36,63,766713,3,256,0,0
62,68,911512,6,239,0,1
29,18,118788,14,162,0,1
37,26,1052473,13,137,0,1
18,61,1072675,6,228,0,0
38,48,947065,0,101,1,0
66,31,489605,12,192,0,1
62,34,1444641,11,29,1,1
18,7,759521,11,294,1,1
27,7,1295151,0,246,0,0
64,47,609240,2,220,0,0
49,8,911414,1,171,0,0
56,1,955446,2,159,0,0
39,3,1335558,3,171,0,1
35,53,258244,13,62,0,1
65,38,744344,6,60,1,1
63,51,437840,1,64,0,0
49,15,288876,6,168,0,1
44,67,570683,14,80,0,1
45,64,1114230,4,246,1,0
35,68,556323,14,267,0,1
56,5,421070,7,257,1,1
66,10,697425,7,72,0,1
46,8,596571,4,187,1,0
35,12,1495015,9,24,0,1
61,64,1090890,7,227,0,1
25,59,762104,11,117,1,1
48,67,475865,13,107,1,1
51,50,1077587,8,241,1,1
24,23,1198699,6,98,0,1
53,40,1221248,5,21,0,1
35,18,812856,6,55,0,1
55,21,308408,6,148,1,1
26,1,1405634,2,39,0,0
26,38,1119775,5,149,1,0
63,41,538345,5,120,0,1
25,42,912581,10,259,0,1
68,9,457138,8,25,0,1
52,23,1165928,0,111,0,0
35,11,556994,12,22,0,1
22,71,298641,6,168,1,1
31,31,598595,0,263,0,0
45,26,121645,9,115,0,1
47,30,649631,12,230,1,1
21,34,1442495,3,188,0,0
56,46,628409,12,256,0,1
37,69,359806,6,119,1,1
42,5,371415,5,285,1,1
45,61,256284,5,272,1,0
29,38,472965,4,151,1,0
19,28,962260,10,85,0,1
60,26,516697,6,245,0,1
31,61,587245,8,292,1,1
39,23,195011,13,161,1,1
48,46,1083908,5,99,0,1
40,30,173749,9,184,1,1
65,67,1077473,6,275,1,0
37,33,101903,8,16,0,1
55,3,266416,6,259,1,1
21,69,1130531,5,244,0,0
32,42,726701,2,49,0,0
41,62,1497254,13,271,0,1
42,58,746990,0,234,1,0
18,57,873341,9,71,0,1
24,1,904751,8,43,1,1
48,60,776801,6,79,1,1
29,69,438322,14,285,0,1
59,59,1304510,2,48,1,1
22,46,524319,9,97,1,1
61,34,242582,8,24,0,1
67,25,790051,2,213,0,0
59,42,1096442,2,55,0,0
55,29,168309,12,254,0,1
29,25,1322698,13,155,1,1
56,54,1399529,6,160,1,1
35,67,651665,1,193,0,0
19,15,420480,9,3,1,1
27,4,437456,13,267,0,1
32,38,1396239,6,35,0,1
47,20,1075723,6,15,1,1
61,23,981373,0,136,0,0
34,37,421373,12,77,0,1
21,62,1074152,9,72,1,1
24,8,1134448,10,244,0,1
58,37,912130,1,227,1,0
48,45,669457,4,194,0,0
68,33,1040206,13,245,0,1
56,7,985006,3,88,0,0
51,22,403166,13,259,0,1
23,5,166543,2,285,1,0
67,15,979387,9,138,0,1
55,21,1129523,13,50,0,1
62,17,1355358,10,146,1,1
68,56,980957,7,241,0,1
51,50,848227,6,231,1,1
61,7,734518,8,26,1,1
32,50,1499239,2,207,0,0
31,60,945068,9,137,1,1
23,7,1204215,0,154,1,0
67,40,317501,8,6,1,1
54,45,902171,8,114,0,1
67,59,523133,11,91,1,1
49,55,1137592,11,81,0,1
20,64,120704,0,12,0,0
20,65,551737,13,71,0,1
39,54,1458103,7,90,0,1
39,40,1352390,13,187,1,1
27,53,1172883,13,104,0,1
68,44,1073774,9,299,1,1
20,63,200924,0,83,0,0
29,2,512136,5,27,0,1
46,21,142928,8,278,1,1
65,50,582216,2,11,0,0
34,52,487855,5,149,0,1
24,9,1002414,2,25,0,1
30,20,206172,10,213,0,1
19,18,987555,13,239,0,1
21,30,360226,4,221,1,0
27,65,1400081,10,67,0,1
56,24,1424416,13,261,1,1
41,47,107564,6,110,0,1
34,44,855537,10,129,0,1
69,29,1080263,9,158,1,1
23,68,773150,11,279,0,1
36,17,193695,3,290,1,0
22,5,330953,3,30,1,0
49,50,318371,6,88,0,1
27,40,1423288,4,117,0,0
26,46,1409091,0,129,0,0
44,51,432991,10,206,0,1
30,11,641479,14,58,0,1
36,12,907340,9,95,1,1
38,13,756775,12,245,0,1
41,64,1188852,14,144,0,1
55,8,1196226,11,124,1,1
21,65,1213003,12,21,0,1
41,9,708657,14,284,0,1
52,2,1046840,1,206,0,0
20,13,194957,5,257,0,1
21,2,1381448,12,297,0,1
54,68,439460,11,51,0,1
57,48,1422941,8,37,1,1
65,3,1057294,6,152,0,1
52,68,1385447,3,215,1,0
48,6,1190050,14,222,0,1
61,5,318091,11,142,0,1
42,3,664388,11,104,0,1
57,10,217982,14,9,0,1
30,43,1397244,12,241,0,1
21,19,367560,1,113,0,0
63,14,115251,3,232,0,0
31,21,1141750,13,68,1,1
30,43,359463,4,43,1,0
44,28,617656,1,168,0,0
23,21,416966,0,210,1,0
34,36,1347652,3,275,0,1
53,24,1135880,10,106,0,1
57,54,810660,12,166,0,1
66,38,143655,5,204,0,1
52,17,1237667,0,118,0,0
34,22,243016,0,108,1,0
58,45,362459,8,238,0,1
19,61,310741,4,7,0,0
30,11,1316405,1,42,0,0
69,61,879341,10,296,0,1
19,38,198834,13,131,1,1
69,66,517484,1,205,0,0
45,33,1461731,3,279,0,1
60,43,1082048,10,238,1,1
43,31,1309615,1,276,0,0
39,35,715619,3,45,0,1
64,37,653086,14,197,1,1
60,47,1256838,10,120,0,1
20,23,191897,12,299,1,1
52,36,1290733,5,219,0,1
29,40,566676,6,288,0,1
41,15,1229661,5,93,0,1
22,37,1275637,3,291,1,0
37,4,1469572,9,152,0,1
56,22,829358,2,12,1,0
56,22,1256869,3,206,0,0
30,17,1413280,11,254,1,1
58,38,842419,4,157,1,0
62,24,1168520,3,269,0,0
29,6,1136195,2,67,0,1
30,68,429857,0,256,1,0
27,6,346597,2,188,0,0
50,26,1168674,10,2,0,1
57,41,1381030,4,236,0,1
33,38,535952,12,131,0,1
62,43,776776,13,170,0,1
52,53,835016,14,269,0,1
20,15,478482,5,88,0,1
22,56,102948,11,102,0,1
43,56,303877,13,124,1,1
28,31,1110001,12,66,0,1
24,57,162976,3,262,0,0
27,51,244408,0,7,0,0
59,24,815472,9,43,0,1
69,58,615501,12,134,1,1
51,4,866094,6,247,0,1
20,10,1241392,12,24,1,1
25,63,1141556,8,195,0,1
48,15,621908,14,191,0,1
28,63,1475286,12,121,1,1
62,19,995446,5,259,0,1
24,63,1296394,13,46,0,1
62,56,954224,5,208,0,1
19,21,1226948,8,88,0,1
23,34,781071,3,2,0,1
58,17,766699,4,144,0,0
49,18,656327,4,21,0,1
37,66,753312,13,38,1,1
51,51,1392435,11,294,1,1
67,65,161086,4,106,1,1
33,43,286179,7,99,0,1
42,57,1352313,10,271,0,1
29,10,1332651,0,228,0,0
24,37,1328437,9,284,1,1
56,48,1058077,10,205,0,1
34,69,549024,14,70,0,1
62,56,1134114,9,168,0,1
28,36,796948,10,184,0,1
23,31,963179,2,207,1,0
40,55,326805,14,270,1,1
44,38,278164,7,134,1,1
63,15,579697,14,145,0,1
23,16,1378971,10,148,0,1
55,53,620069,8,115,0,1
19,56,1008694,1,186,0,0
39,7,841207,11,19,1,1
37,57,1213700,3,243,0,0
42,55,397753,13,66,1,1
32,52,338242,7,61,1,1
66,4,543376,4,273,0,1
46,43,260024,0,109,0,0
25,40,877309,5,55,0,1
54,30,177538,13,84,0,1
66,10,1025033,8,263,0,1
69,7,1211101,8,106,0,1
50,36,229210,10,11,0,1
39,35,1082595,0,175,0,0
67,39,401970,3,26,1,0
64,36,1075389,0,290,0,0
22,20,381472,6,129,0,1
56,49,1231823,2,226,0,1
35,59,1403166,1,135,0,0
55,49,413556,13,19,1,1
54,26,881105,7,263,1,1
47,36,1026657,8,158,0,1
68,43,1456933,14,159,0,1
48,43,610866,6,25,0,0
27,33,1106810,5,80,0,1
32,45,184388,9,17,1,1
59,45,475102,12,68,1,1
65,15,1037116,10,129,1,1
61,17,130907,5,134,1,1
35,12,195707,8,217,0,1
40,22,491329,4,14,0,1
50,23,574200,4,185,0,0
33,12,759326,1,194,0,0
55,68,207412,5,190,0,0
52,51,1334081,13,233,0,1
51,13,776761,11,65,0,1
45,57,252611,11,80,0,1
19,55,1212110,11,35,0,1
47,28,1365641,5,234,1,1
30,44,136555,5,16,1,1
58,19,600651,3,1,0,1
33,46,721203,10,32,0,1
22,3,1421190,14,133,1,1
45,20,924858,6,266,0,1
56,25,1354377,14,4,0,1
62,56,1463644,8,285,0,1
37,61,1380164,0,90,1,0
41,55,991699,2,151,1,1
44,35,486651,9,117,1,1
47,59,1127137,14,60,0,1
62,39,1316407,14,25,0,1
44,57,1092335,8,108,0,1
43,67,610091,13,294,0,1
24,34,1425455,4,209,0,0
59,41,671299,5,258,0,0
64,22,997153,7,293,0,1
55,27,1086072,8,41,1,1
22,21,864669,7,12,0,1
40,41,398815,2,88,1,0
45,31,485052,9,87,0,1
51,27,603771,0,186,0,0
32,37,850793,10,62,0,1
49,66,464118,12,42,1,1
43,54,1276914,11,232,0,1
65,9,1367086,12,233,0,1
48,42,1184667,4,74,0,1
36,36,238192,6,252,0,1
26,10,1156435,1,148,0,1
46,59,1378051,0,181,0,0
68,40,276549,3,206,0,0
56,54,1286434,2,180,1,1
21,39,985429,3,172,0,0
20,7,1124017,0,240,0,0
46,4,721014,1,163,0,1
69,15,693533,0,62,1,0
28,48,577906,2,234,1,0
50,6,740006,3,124,0,1
55,35,972827,12,256,0,1
28,71,1130651,0,91,0,0
44,68,169745,5,224,1,0
50,58,188915,1,194,1,0
38,19,1097886,9,206,1,1
56,62,511219,11,287,0,1
48,71,1388040,12,214,0,1
55,10,191087,10,185,0,1
63,25,970868,4,125,0,1
19,44,964348,7,281,0,1
44,58,779739,11,254,0,1
53,25,1198853,12,60,0,1
28,40,977036,3,200,1,1
64,70,827802,4,68,1,0
35,10,941188,8,284,0,1
18,66,180748,1,62,1,0
52,25,1228435,11,133,0,1
52,71,1472299,11,238,0,1
48,11,1005309,1,251,0,0
45,36,172884,5,186,1,1
56,49,821471,5,20,0,1
18,48,795299,2,290,0,0
42,7,354557,11,45,0,1
60,51,1033252,8,193,0,1
55,17,216506,12,56,1,1
37,32,666403,0,41,1,0
20,26,1472743,11,234,1,1
68,22,584143,2,15,1,0
19,13,471373,7,132,0,1
35,12,1092194,7,0,0,1
61,71,1077882,3,231,1,0
27,1,792669,7,149,0,1
22,33,1400716,10,121,0,1
26,14,1068170,9,281,1,1
19,64,1373111,12,289,0,1
51,43,494283,7,212,0,0
55,58,172445,0,280,0,0
48,41,966204,2,139,1,0
27,68,614406,0,158,1,0
67,39,459045,14,26,0,1
29,1,283863,1,161,1,0
53,41,1305773,3,117,0,0
38,45,831825,2,74,0,0
66,13,403204,12,92,0,1
64,71,655699,14,33,0,1
23,9,1098359,10,114,0,1
65,63,1201260,5,112,0,0
66,23,958379,11,59,0,1
20,54,1221316,11,281,0,1
27,47,845413,4,236,0,1
22,39,300660,4,125,0,1
63,26,624966,9,44,0,1
43,1,785712,6,287,0,1
38,14,932229,6,228,0,1
62,65,763819,8,196,0,1
43,69,1449614,7,211,0,1
55,67,586431,2,70,0,0
61,49,1489483,1,234,0,0
43,50,170442,0,278,1,0
25,58,107898,14,166,0,1
22,53,412496,9,194,0,1
32,57,1457927,5,172,0,1
33,18,613259,12,194,1,1
18,16,434024,12,62,1,1
33,2,482762,3,69,0,0
54,13,1307014,2,222,0,1
20,45,866876,10,282,0,1
69,43,766196,10,78,0,1
64,54,418580,1,35,0,0
48,31,346447,1,194,1,0
30,9,228934,10,216,1,1
33,48,1270327,3,287,0,0
60,18,600499,0,148,0,0
38,11,667892,5,272,0,0
19,62,1189739,9,200,0,1
44,19,973174,10,153,1,1
55,24,1207958,4,21,0,0
43,13,177096,9,296,0,1
55,46,1155587,8,214,0,1
63,53,580836,1,121,0,0
42,29,355178,8,265,0,1
28,36,950281,8,260,1,1
25,71,1095722,9,54,0,1
25,17,276375,8,281,0,1
50,48,223793,9,259,1,0
24,24,115096,9,282,1,1
55,54,946479,3,229,0,0
38,1,835002,4,125,0,1
25,67,428035,7,258,0,1
68,6,1266736,13,49,0,1
38,55,632720,7,223,0,1
37,38,749078,0,281,1,0
25,33,618372,9,145,0,1
63,8,1467582,0,44,0,0
48,20,197186,9,261,0,1
67,55,408762,5,233,0,0
46,48,1231350,6,52,1,1
65,56,884912,1,234,0,0
26,10,683946,1,195,0,0
32,52,228081,4,3,0,0
47,50,1024208,8,59,0,1
43,34,246451,4,172,0,1
27,36,678886,7,71,0,1
46,61,404164,7,74,0,1
33,16,515631,4,21,0,0
53,18,953100,7,208,0,1
37,71,1462348,14,50,0,1
62,47,1200863,7,144,1,1
54,32,602550,14,271,0,1
39,43,1411664,4,43,0,1
24,40,1450162,4,106,0,1
40,65,358153,3,149,0,0
58,35,1323137,0,93,0,0
57,69,1454998,8,263,1,1
46,50,920034,1,109,0,0
33,12,382278,0,17,1,0
55,58,956152,5,237,1,0
45,63,434858,4,238,1,0
65,49,563920,10,211,0,1
55,36,788014,14,230,0,1
48,54,301599,0,293,0,0
31,47,1418866,6,80,0,1
50,32,1260764,6,254,1,0
26,53,612142,2,231,0,0
44,32,845445,7,208,0,1
41,62,468599,14,297,1,1
30,37,820924,5,20,0,1
43,38,1141597,3,237,1,0
46,30,1337179,9,260,0,1
68,58,1287582,9,272,0,1
66,32,331948,9,279,1,1
60,66,1327697,11,149,0,1
45,51,468499,12,151,0,1
45,11,548496,14,281,0,1
25,59,1103438,2,60,0,0
40,20,1244173,0,135,0,0
46,37,1150703,12,11,0,1
22,49,306691,1,13,0,0
59,19,818096,1,29,0,0
24,55,774451,14,286,1,1
59,40,487697,12,219,0,1
53,7,1426597,10,237,0,1
58,5,1052085,4,26,0,0
44,42,898951,3,256,1,0
63,48,566568,1,296,0,0
19,7,632639,10,141,1,1
42,11,508864,14,249,0,1
26,49,1468268,8,73,1,1
44,30,209538,6,297,1,0
18,41,293895,7,198,1,1
40,3,1390085,7,295,0,1
27,40,1061984,1,13,0,0
59,51,532233,14,99,0,1
69,32,1187829,4,90,0,1
42,48,1379757,2,190,0,0
20,71,186967,9,105,0,1
23,71,252996,8,6,0,1
23,20,659152,8,80,0,1
19,35,1423213,5,252,0,1
35,24,105337,12,139,0,1
40,40,1211857,3,6,0,0
19,52,1499574,7,151,0,1
29,39,338913,4,289,0,0
39,68,337798,2,125,1,0
54,61,1348966,12,284,1,1
37,65,834694,10,281,0,1
56,62,1430604,13,73,0,1
41,2,109074,7,44,1,1
65,6,126907,13,16,1,1
37,43,1367173,13,232,0,1
18,40,466867,11,163,0,1
18,39,632912,5,62,0,1
34,28,355160,4,92,0,0
18,63,1044760,0,91,1,0
69,64,241527,2,41,0,0
62,12,343808,6,240,1,1
47,41,1290842,2,254,0,1
58,29,1068473,0,70,0,0
64,23,173106,7,298,0,1
20,51,1170063,6,215,0,1
63,45,100617,4,55,0,1
28,22,1259564,11,78,0,1
41,10,487529,9,120,0,1
39,7,1255389,4,201,0,1
61,15,761645,5,256,0,0
62,46,657512,6,129,1,1
43,61,1177570,12,41,0,1
30,61,1473159,2,73,0,0
18,51,909446,10,233,0,1
41,38,1481229,11,8,0,1
27,12,694598,13,30,1,1
52,66,836415,14,95,0,1
41,54,1082758,11,257,0,1
45,39,1395339,3,279,0,0
53,39,975067,0,228,0,0
33,30,412362,6,244,0,1
57,48,361312,9,197,1,1
33,31,1453308,1,231,0,1
34,25,1000823,6,298,0,1
68,68,113302,5,50,0,0
32,51,1339273,3,216,0,0
33,13,956466,10,173,1,1
32,63,880638,1,74,1,0
51,42,243618,6,98,0,1
28,54,779839,6,0,0,1
18,67,660725,4,123,0,1
32,56,809227,8,116,1,1
43,19,712277,2,194,0,0
68,46,1248841,8,232,0,1
21,15,379403,4,128,1,1
60,32,1014958,1,62,1,0
22,49,1046149,8,235,0,1
52,21,305342,13,229,1,1
30,65,824412,0,189,0,0
27,70,873913,0,188,0,0
28,27,901464,14,167,1,1
35,23,322202,12,94,0,1
51,47,795361,6,156,1,0
56,12,126004,2,290,1,0
58,66,575710,7,138,1,0
59,5,379986,6,190,1,1
67,9,992131,10,55,0,1
40,20,660483,12,6,0,1
24,63,1276714,6,50,0,1
56,71,1058070,0,38,1,0
20,30,107736,0,297,0,0
29,16,458948,11,71,1,1
24,5,1414926,13,255,1,1
66,29,119348,1,90,0,0
43,47,156057,1,148,0,0
50,22,791441,10,29,0,1
54,57,1266191,4,122,0,1
65,35,600393,8,236,1,1
32,60,1079712,6,279,0,1
19,70,518070,13,124,1,1
58,60,1120266,1,133,0,0
24,58,1428752,4,5,0,0
49,3,1465399,4,196,0,1
21,34,1308920,7,189,1,1
37,45,469798,8,290,0,1
67,50,738457,7,235,1,1
53,2,397253,13,78,0,1
49,15,1199246,12,34,0,1
45,37,593358,1,71,0,0
30,15,1460742,3,42,0,0
18,60,668525,1,290,0,0
52,64,1113832,5,132,0,1
65,52,1077154,3,286,0,1
47,23,1357448,14,105,0,1
53,37,1194880,6,158,0,1
42,41,346888,12,7,0,1
33,57,636479,1,261,1,0
36,25,1155075,8,79,0,1
18,37,734671,13,43,0,1
22,40,641956,4,176,1,1
68,46,774608,0,63,0,0
39,60,990781,11,287,0,1
41,19,800304,14,112,0,1
60,9,307941,10,207,1,1
62,69,1410142,2,225,0,0
69,5,982620,3,277,0,1
54,26,113070,2,286,0,0
53,19,1245740,5,279,0,1
53,30,793167,12,2,1,1
21,48,541249,12,32,1,1
53,16,518428,5,213,0,1
69,71,725565,9,29,0,1
35,18,104626,12,24,0,1
67,56,1197846,14,27,1,1
33,21,927199,10,96,0,1
58,31,102292,6,86,1,0
35,1,478936,13,25,0,1
39,3,1133259,8,119,1,1
19,25,901291,9,200,0,1
38,8,523801,8,14,0,1
53,65,497035,6,253,0,0
61,62,1107127,10,110,1,1
56,7,1130593,14,7,0,1
64,7,1125819,0,127,0,0
56,8,245219,2,185,1,0
46,19,840712,4,13,1,1
43,17,346522,9,229,1,1
38,11,822525,11,90,0,1
34,49,597019,10,3,1,1
33,11,430694,5,151,0,1
48,41,241845,5,218,1,0
68,62,773241,4,75,1,0
26,52,1079100,5,283,0,0
48,66,159593,8,215,0,1
31,68,256627,12,158,0,1
66,67,403565,13,250,1,1
54,40,258404,0,66,0,0
19,5,406732,0,221,0,0
69,22,979045,8,191,1,1
65,37,1239067,13,218,0,1
63,11,186416,7,16,1,1
31,44,1456878,8,106,0,1
50,53,678086,6,226,0,0
52,61,1069639,9,80,1,1
56,67,771515,5,266,0,1
64,13,418100,8,165,0,1
68,11,168486,1,233,1,0
37,11,284764,14,161,0,1
19,7,1237914,3,174,0,0
68,17,441885,1,159,0,0
58,48,668978,13,184,1,1
36,14,1013736,5,173,0,1
54,63,781867,0,237,0,0
35,64,107661,6,162,1,1
33,65,267261,6,237,0,1
21,34,1379942,6,105,0,1
29,9,1292705,13,117,0,1
46,37,316848,3,231,1,1
24,30,461930,14,75,0,1
31,41,1052817,7,4,0,1
29,45,1447708,4,217,1,1
52,47,1292139,1,281,0,0
22,7,1470879,4,235,0,1
34,14,1489588,11,31,0,1
59,48,293101,9,176,1,1
49,6,658642,8,118,0,1
27,34,446473,9,189,0,1
60,46,106504,0,101,0,0
34,59,916243,10,78,0,1
22,70,1066710,1,138,1,0
62,8,1130435,9,225,0,1
59,24,1112786,7,265,0,1
26,67,354936,12,223,0,1
66,4,1241308,4,59,0,1
50,1,250362,11,263,0,1
53,34,875136,8,47,0,1
53,9,601706,5,80,1,1
35,63,335358,12,296,0,1
26,10,237213,7,7,1,1
46,10,427124,14,248,0,1
67,50,943599,11,243,0,1
31,44,1042182,0,164,0,0
42,48,1148534,8,186,0,1
32,6,961129,8,248,1,1
23,24,756431,2,126,1,0
59,58,248192,0,87,1,0
46,64,191477,7,44,0,1
32,56,1384328,7,281,0,1
46,12,779493,11,245,0,1
21,35,1021134,8,217,1,1
35,71,737934,13,14,0,1
67,6,965976,5,255,1,1
66,65,285935,8,176,0,0
61,60,382098,11,214,1,1
56,68,485468,9,24,0,1
33,29,442355,8,291,1,1
28,38,949219,11,116,0,1
31,22,756979,12,79,0,1
20,8,964853,3,174,0,1
68,63,298812,10,231,0,1
67,13,1123550,4,39,1,0
59,27,701518,5,170,0,1
55,18,734410,5,116,1,1
62,18,1319990,9,183,0,1
59,62,1422168,1,80,0,0
35,14,1067453,3,70,0,0
37,11,262282,11,139,0,1
65,17,518626,8,192,0,1
42,51,1135191,14,170,0,1
55,14,1344695,6,100,0,1
30,57,1404560,8,69,0,1
21,6,1046532,5,173,0,0
31,57,299372,10,188,0,1
50,4,295807,6,214,1,1
45,11,373611,8,24,0,1
69,11,1287847,13,88,0,1
54,8,127095,11,130,1,1
25,59,733003,14,195,0,1
61,21,1377647,3,285,1,0
51,65,1449727,8,224,0,1
61,24,1267138,14,148,1,1
22,30,1065215,2,70,0,0
22,57,900049,13,128,0,1
48,17,1086369,11,289,1,1
62,59,196729,13,86,0,1
26,31,286293,10,17,0,1
59,64,832459,11,42,0,1
49,48,171120,13,75,1,1
50,23,977232,7,40,0,1
20,70,1223201,2,279,1,0
47,30,1031143,2,279,1,0
67,55,255757,2,258,0,0
29,7,620901,8,23,0,1
46,12,689704,9,295,0,1
20,60,1262368,13,108,0,1
43,52,1208932,2,288,0,0
47,27,373254,5,26,0,1
26,12,341549,10,125,0,1
43,13,729923,13,169,0,1
19,62,638972,3,46,0,0
20,29,1261678,13,180,1,1
63,35,910851,14,72,1,1
21,60,884002,1,121,0,0
42,29,516918,11,185,1,1
68,31,470553,11,81,1,1
30,61,652045,2,29,0,0
56,2,1358269,4,280,0,0
61,33,1012658,14,120,1,1
52,62,901637,9,105,1,1
40,59,1139426,3,129,1,0
26,40,875217,4,204,0,0
19,49,422351,12,52,0,1
58,32,645282,11,296,0,1
61,38,589697,10,278,0,1
48,13,354457,0,188,0,0
61,54,186170,3,214,0,0
64,13,1257078,10,30,0,1
19,39,130569,9,257,0,1
49,23,1259278,2,59,1,0
35,14,368770,12,77,0,1
30,17,725447,14,22,0,1
63,24,628252,14,184,0,1
22,58,1402271,1,34,0,0
59,63,380202,6,0,1,0
61,34,322374,9,104,1,1
27,51,1391282,8,175,0,1
60,10,266232,0,48,1,0
42,21,247334,11,167,0,1
51,37,593441,6,270,0,0
54,7,766244,10,157,0,1
47,13,1153009,11,20,1,1
24,30,1494467,0,104,0,0
23,31,438371,4,289,0,0
20,5,917495,0,120,0,0
30,32,919916,2,191,0,0
20,16,1132822,7,228,0,1
43,22,714484,12,180,0,1
41,64,1054040,14,224,0,1
23,44,1440804,3,233,1,0
60,40,738743,11,265,0,1
66,37,386946,0,217,1,0
59,16,338875,0,210,0,0
29,43,681300,7,98,0,1
66,63,738898,14,108,0,1
53,15,1480642,13,252,1,1
19,44,308758,7,11,0,1
28,9,1156733,3,117,1,1
56,65,1129921,14,87,0,1
51,44,673030,3,208,1,0
43,20,1375592,9,129,1,1
35,70,631963,10,182,0,1
38,33,388372,1,82,0,0
53,6,123349,1,253,0,0
57,31,1139388,11,4,1,1
69,66,229417,5,23,0,1
63,18,411322,7,120,1,1
61,28,305732,6,94,1,1
39,68,1286236,6,223,0,1
47,65,720767,2,238,0,0
67,45,869486,11,226,1,1
60,58,753332,1,141,0,0
47,47,1111074,9,50,1,1
25,66,187687,6,144,0,1
51,52,163196,14,51,1,1
64,36,608370,3,11,0,1
26,1,132400,0,94,1,0
68,39,615593,0,128,0,0
37,1,375680,3,10,0,1
57,14,495916,4,271,0,1
42,71,1091849,4,91,1,0
36,23,808289,0,8,0,0
22,43,708895,2,122,1,1
28,22,662388,5,263,0,1
32,60,1368374,9,280,0,1
25,27,322688,6,118,0,1
36,56,657235,10,189,0,1
40,2,435676,14,278,1,1
44,39,1388729,0,299,0,0
57,51,442542,7,55,1,1
49,19,1207989,3,195,0,1
43,62,334840,12,22,0,1
44,71,516320,8,264,0,1
36,67,358810,10,244,0,1
67,63,1493561,10,259,0,1
59,5,564279,5,230,0,1
46,61,603311,14,209,1,1
56,71,638015,0,161,0,0
58,7,326575,1,169,1,0
50,50,1020223,2,289,0,0
36,46,878161,1,226,0,0
54,14,607432,9,42,0,1
36,69,475915,6,194,1,1
50,65,768284,11,11,0,1
64,65,1394487,0,271,0,0
33,57,803369,8,61,0,1
40,62,971977,1,16,0,0
24,20,1402776,3,270,1,1
43,26,887576,7,25,1,1
49,44,1005602,10,44,0,1
29,67,530518,2,144,0,0
25,70,750511,8,64,1,1
22,62,330096,6,285,0,0
59,45,559758,14,67,1,1
45,11,1306692,9,299,0,1
22,34,341687,11,95,0,1
66,46,1149113,11,59,0,1
43,32,738521,2,256,1,0
22,5,1225128,2,18,0,1
39,63,397597,14,32,0,1
32,29,1150556,4,90,0,1
30,48,264379,4,237,0,1
45,16,1237542,9,23,0,1
50,25,520991,4,226,0,0
60,29,817220,11,264,1,1
40,52,820143,12,5,0,1
50,46,354435,8,57,0,1
60,25,141988,8,99,1,1
35,23,548668,5,121,1,1
67,34,911250,10,156,0,1
47,67,1402456,10,200,0,1
43,34,501312,6,224,1,1
33,32,208336,9,266,0,1
30,29,1091656,7,150,0,1
56,9,798447,8,256,0,1
50,66,485718,5,80,0,1
43,57,857354,7,99,0,1
65,39,385811,1,104,1,0
18,7,694399,9,251,1,1
66,69,623931,7,132,0,1
55,8,751288,14,98,0,1
19,18,1224782,12,177,0,1
66,49,770997,10,264,1,1
23,16,716764,1,131,0,0
63,21,198941,7,198,0,1
67,10,402891,1,192,0,0
55,4,421893,2,207,0,0
59,44,939532,6,56,0,1
41,8,223569,10,261,0,1
35,55,1030135,8,229,1,0
44,19,580686,2,141,0,1
58,64,108903,4,62,0,1
25,40,1468502,8,117,1,1
45,51,177261,6,244,1,1
27,9,181604,13,135,0,1
34,30,695374,1,95,0,0
46,56,815796,4,224,0,1
23,44,125443,4,7,0,1
31,59,835584,8,13,1,1
39,15,1139352,1,23,0,0
23,68,1263731,0,191,1,0
43,70,230560,3,240,1,0
56,61,260620,3,24,0,0
29,23,308721,0,128,0,0
52,47,948790,9,86,1,1
31,17,449969,6,232,1,1
39,57,249232,1,288,0,0
68,54,539421,10,55,0,1
40,52,1473000,14,189,1,1
65,22,578061,12,27,0,1
24,39,398996,8,28,0,1
57,13,407165,6,278,0,1
67,66,1154771,12,171,1,1
42,52,821907,14,37,0,1
30,14,1051085,12,298,0,1
38,63,1226250,11,265,0,1
58,71,618412,11,26,1,1
27,28,1437439,13,135,0,1
26,46,985008,6,235,1,0
32,28,934882,14,244,0,1
69,2,1220388,0,84,1,0
19,17,127551,13,12,1,1
42,59,220920,8,57,0,1
30,52,1210020,9,258,0,1
51,4,788484,8,99,0,1
68,3,375798,14,103,0,1
51,37,1148779,1,260,1,0
52,24,775489,9,277,0,1
55,35,434294,8,65,0,1
20,2,868463,1,88,0,1
59,33,788624,12,295,0,1
23,10,489956,1,87,0,0
65,62,280286,12,4,0,1
66,43,560331,12,143,0,1
36,69,1337531,12,116,0,1
20,59,546661,7,270,0,1
35,9,468298,2,204,1,0
56,60,300733,13,74,1,1
26,63,610617,14,79,1,1
69,52,1022832,2,17,1,0
29,23,421343,6,216,1,1
22,30,943471,14,101,0,1
20,43,963664,9,131,0,1
28,68,725971,5,57,0,1
47,21,116119,6,111,0,1
21,43,386161,5,84,1,0
22,7,279852,13,115,0,1
18,16,1305852,8,161,1,1
44,23,1041932,1,285,0,0
45,58,356599,7,205,1,1
46,31,121497,10,67,1,1
35,69,1414092,5,247,0,0
29,6,1462648,14,56,0,1
30,65,920392,13,164,1,1
58,59,1165773,14,165,1,1
19,28,199456,3,296,1,0
54,18,286056,5,3,1,1
62,10,757243,5,294,0,0
33,7,378795,11,105,0,1
65,37,1103095,9,107,1,1
41,45,627100,2,169,0,0
52,16,1244557,7,266,0,1
39,14,1390824,4,266,0,1
53,11,1417282,10,53,0,1
28,34,622082,9,165,0,1
63,60,432857,10,253,0,1
46,13,1329183,3,275,0,1
52,39,1245341,13,153,0,1
65,44,587853,13,127,1,1
32,28,188641,12,75,1,1
48,40,320075,1,220,0,0
59,16,380361,13,269,0,1
58,50,196844,9,122,1,1
60,28,1288637,0,24,0,0
33,68,826051,14,105,0,1
27,60,287922,12,105,0,1
66,12,622005,6,102,0,1
49,16,281514,9,265,0,1
68,53,435641,10,13,1,1
19,54,369330,2,132,0,0
41,49,500722,2,21,0,0
40,36,534242,2,74,0,0
19,62,1328599,9,284,1,1
55,26,982193,11,243,1,1
48,56,748560,12,255,0,1
68,22,1146788,2,145,0,0
57,69,292407,1,211,0,0
43,49,193133,5,248,0,0
46,2,172306,13,34,0,1
20,53,896325,9,252,1,1
31,7,256226,2,259,0,0
42,20,189854,0,285,1,0
65,30,543973,9,180,1,1
18,67,271827,12,209,0,1
20,59,319046,12,109,0,1
43,66,487002,8,141,0,1
35,3,727097,5,163,0,1
26,56,586208,5,86,0,0
55,17,647919,9,139,0,1
40,52,367951,8,161,0,1
38,7,1089296,1,25,0,0
18,5,754472,9,133,1,1
38,54,636196,8,114,1,1
44,61,779795,13,180,1,1
59,16,883175,14,146,1,1
23,67,1179008,11,214,0,1
61,59,1097478,2,76,0,1
53,47,1249034,2,94,1,0
45,48,507443,2,217,1,0
62,64,573017,0,51,0,0
34,50,1364372,9,273,0,1
57,41,456245,14,174,0,1
69,22,591340,6,32,1,1
20,54,1377258,9,131,1,1
29,5,838001,12,274,1,1
56,17,1174366,6,6,0,1
29,41,879933,1,226,0,0
19,35,582110,5,254,0,0
63,40,807906,3,281,0,1
39,22,1021529,10,235,1,1
40,48,573221,6,183,0,1
47,53,1323411,13,198,0,1
22,10,552790,13,202,1,1
26,18,935258,6,135,0,1
38,49,1468690,14,287,1,1
28,71,904172,3,289,0,1
22,30,276800,2,145,1,1
52,19,451525,6,206,1,1
44,55,828052,8,54,0,1
66,60,833456,3,298,0,1
19,21,417818,5,249,0,1
41,26,409911,6,274,0,0
48,28,215737,9,204,0,1
50,39,1352007,2,191,1,0
56,33,401788,4,1,0,0
47,40,611908,11,184,0,1
63,29,501272,13,161,0,1
54,20,318299,0,48,1,0
68,20,599256,5,89,1,0
45,12,849497,4,250,0,1
48,25,1069922,6,21,0,1
28,25,1235125,14,211,0,1
40,4,1435380,8,233,0,1
19,4,1151215,10,171,0,1
57,9,711144,3,90,0,1
58,15,958441,8,162,1,1
44,26,1421342,12,284,0,1
52,71,218192,5,5,1,1
19,32,380952,4,243,0,1
56,52,385095,1,158,1,0
54,32,1105510,0,122,1,0
38,9,741197,7,187,1,1
22,13,1345589,11,13,1,1
69,56,347889,11,69,0,1
62,44,276148,5,138,0,1
38,30,1032849,13,78,1,1
46,16,231469,6,293,1,1
37,12,388520,5,79,0,1
55,66,513073,9,145,1,1
37,18,819628,12,224,0,1
67,13,984474,13,226,0,1
42,24,858653,6,179,0,1
19,12,1299958,8,23,0,1
49,60,904760,13,98,0,1
43,60,272469,4,269,1,0
23,1,793519,0,93,0,0
58,43,814664,0,279,0,0
20,55,673286,8,268,1,1
50,40,1475573,4,146,1,0
18,64,1250880,13,284,0,1
68,34,512264,12,21,0,1
22,34,1460937,12,1,1,1
30,48,289692,10,102,0,1
36,33,1303533,14,35,0,1
29,68,1137322,12,293,1,1
65,30,1482551,1,273,0,0
42,71,1058652,14,50,0,1
68,71,355948,2,142,0,0
52,29,1295104,0,16,0,0
29,23,380372,5,76,1,1
47,34,362190,11,277,0,1
22,15,428499,5,122,0,0
51,53,529791,2,173,1,0
39,17,840302,14,131,0,1
56,64,1086186,2,262,0,0
30,61,740253,6,270,0,0
64,57,963894,14,207,0,1
20,37,1164506,0,295,0,0
37,7,180823,4,225,0,1
48,8,462665,12,188,0,1
22,68,823782,2,143,0,0
41,21,178880,4,250,1,0
57,61,1367202,10,244,0,1
50,29,272827,13,17,0,1
25,25,807840,3,202,0,0
41,58,107293,5,203,0,0
67,14,1209104,11,1,0,1
37,66,517572,8,53,0,1
33,54,1257461,1,165,1,0
67,67,1294347,9,142,0,1
69,30,259506,7,91,0,1
29,18,379746,13,7,1,1
30,54,271858,12,251,0,1
62,21,896384,1,99,1,0
59,53,928116,3,38,0,1
56,16,1264608,8,135,0,1
42,28,657193,3,49,0,1
63,4,940034,6,82,0,1
49,55,277996,10,253,0,1
41,15,1399242,4,195,0,1
65,64,390274,12,26,0,1
64,65,280200,1,76,0,0
61,16,184679,7,293,0,1
26,20,1115866,10,254,0,1
57,64,215458,9,20,0,1
67,33,231460,14,217,0,1
40,69,1299454,9,44,0,1
67,69,164333,1,181,0,0
30,58,860676,2,285,0,0
49,39,1259506,9,143,0,1
67,36,1415572,6,51,0,1
32,68,870643,4,250,1,0
53,21,784408,9,105,0,1
66,63,847910,10,296,1,1
22,6,1261696,2,198,0,0
39,24,700884,11,279,0,1
33,53,488841,1,147,0,0
58,50,880166,10,102,0,1
27,12,924629,5,1,0,1
41,56,1488414,9,255,1,1
35,15,217458,0,59,0,0
66,40,1087416,7,90,0,1
35,41,1268190,4,100,0,1
24,69,578403,4,113,0,0
21,69,551698,13,261,1,1
43,6,713772,1,53,0,0
22,67,1031482,6,187,0,1
33,33,806098,4,26,0,0
52,43,899137,7,239,0,1
43,21,1498087,4,79,0,0
35,65,1465332,14,189,0,1
46,17,1134460,8,90,1,1
40,8,110248,4,34,0,1
31,64,933420,12,57,0,1
32,28,189169,2,188,0,0
66,13,1156037,12,252,0,1
50,13,1306646,1,35,0,0
42,38,768181,4,91,0,1
38,25,644158,9,55,1,1
34,62,637698,12,66,0,1
40,23,187721,9,168,1,1
60,21,119133,4,286,1,1
34,54,909791,5,130,0,1
31,63,134173,1,165,1,0
46,30,1142270,4,51,0,0
37,68,1159755,14,151,0,1
47,32,1341534,0,104,0,0
36,24,1184071,2,91,1,0
56,7,1417207,2,200,1,0
30,1,639048,2,292,1,0
35,3,191975,14,218,1,1
40,28,391547,2,66,0,1
63,43,823397,7,168,1,0
50,46,215625,14,27,0,1
56,1,101755,0,287,1,0
57,38,171352,5,31,0,1
35,35,576352,5,165,1,1
26,54,1347074,0,135,0,0
50,24,736421,12,67,0,1
49,28,518182,0,153,0,0
34,22,270556,2,95,1,0
36,16,1045057,14,196,0,1
44,13,1074946,7,107,0,1
23,62,244086,5,45,0,0
52,43,1197019,3,185,0,0
54,32,273033,4,284,1,0
51,67,1074005,9,82,0,1
37,57,289986,13,137,1,1
42,65,481230,2,236,0,0
21,69,435446,14,144,1,1
27,49,564899,13,277,0,1
27,33,343818,14,99,0,1
41,19,278250,10,13,0,1
38,36,101063,10,261,0,1
28,70,502550,5,46,0,0
44,15,1224424,5,224,0,1
33,24,267115,5,143,0,1
43,27,428656,8,195,1,1
47,49,1274806,13,289,1,1
66,23,602926,14,256,1,1
33,33,759429,9,7,1,1
24,41,361252,12,277,0,1
33,56,1144369,10,289,0,1
52,29,770964,7,292,0,1
33,31,114612,5,22,1,1
57,65,1066606,1,83,1,0
29,18,276173,3,254,0,0
52,6,793070,14,23,0,1
66,52,578078,5,37,0,1
38,40,1008524,8,220,0,1
67,65,1002196,10,213,0,1
60,42,1289011,1,84,0,0
53,68,1021274,14,3,1,1
65,32,173960,5,194,1,1
34,10,111990,9,113,0,1
49,69,1242834,10,214,1,1
58,9,1276216,9,140,1,1
23,69,603619,9,166,1,1
41,61,406803,6,286,0,1
44,11,656425,13,4,0,1
37,68,115573,13,126,0,1
42,8,510050,14,85,0,1
19,49,109554,7,85,0,1
26,24,329726,12,23,0,1
45,33,1110312,8,44,1,1
55,19,857668,4,110,0,1
20,2,1094157,8,289,0,1
37,55,317670,8,184,0,1
23,11,968596,12,234,0,1
56,17,809157,14,156,0,1
50,42,113015,10,160,0,1
18,61,1022238,6,199,0,1
54,3,159617,1,121,0,0
23,35,1098202,7,223,0,1
62,66,175195,11,22,0,1
51,1,1051085,4,196,0,1
64,7,874726,12,284,0,1
32,20,1363298,10,5,1,1
62,43,237715,7,88,0,1
43,6,1161845,1,272,0,0
31,55,1429078,13,283,0,1
24,21,592069,6,264,0,1
63,51,722317,4,114,1,0
48,46,621579,3,123,0,1
41,35,183857,9,259,1,1
48,8,620542,12,168,0,1
46,68,292830,5,35,0,0
59,16,443398,4,228,1,0
49,67,156235,5,133,1,1
34,71,397448,8,243,0,0
31,64,384316,0,64,0,0
57,2,698122,12,236,0,1
53,1,972163,10,2,0,1
65,58,594221,0,36,1,0
41,1,669145,12,108,0,1
62,7,1290059,5,249,0,0
44,69,1418545,1,2,0,1
42,18,721062,7,234,0,1
49,32,794102,6,250,0,1
69,45,1075805,5,142,0,1
35,33,516556,3,247,0,0
63,49,143327,8,55,1,1
35,33,1288900,6,60,0,1
54,71,300344,6,67,1,1
43,68,490811,14,78,0,1
26,28,885291,4,195,1,0
52,53,559153,0,194,0,0
25,44,639610,13,22,1,1
37,55,504407,13,13,0,1
59,10,507881,1,288,0,0
39,14,948057,7,8,0,1
36,36,1206207,10,139,1,1
47,34,935671,4,241,0,0
45,18,466727,1,252,0,0
52,16,1376697,11,226,1,1
60,37,889399,4,94,0,0
28,41,661306,7,178,1,1
48,25,283758,3,2,0,0
66,8,1217350,2,183,0,0
65,18,432616,4,45,0,1
56,68,621777,12,291,0,1
53,48,1445324,6,140,1,0
47,70,1396895,1,12,0,0
40,67,691392,0,185,1,0
36,18,1257394,12,84,0,1
29,18,720684,10,42,0,1
32,56,1082733,4,155,1,0
48,23,802175,12,183,0,1
60,35,665013,12,46,0,1
54,6,930355,6,205,0,1
54,26,584356,12,209,0,1
32,61,401437,7,274,0,1
46,15,828831,10,82,0,1
67,32,1079418,7,96,0,1
60,12,913017,9,178,0,1
43,5,1206847,8,147,0,1
61,64,1074877,10,284,0,1
19,71,779258,10,71,1,1
37,27,499953,11,216,1,1
32,45,135308,0,208,0,0
69,35,558710,6,293,0,0
21,26,578955,9,123,0,1
39,23,943607,7,155,0,1
67,13,1439779,5,32,0,1
55,3,1305096,9,268,0,1
40,29,1037212,13,215,0,1
43,66,968981,11,100,0,1
68,64,758346,3,179,0,1
28,28,878269,6,126,0,1
45,36,152934,2,168,0,0
19,6,1375688,1,134,0,1
25,11,482238,5,291,1,0
46,38,880208,1,92,0,0
28,34,218156,5,220,0,0
54,67,1499784,9,154,0,1
35,46,373916,2,279,0,0
67,29,588830,13,198,0,1
31,60,1302548,1,240,0,0
27,54,661682,12,97,0,1
52,69,1183606,7,249,1,1
26,9,308920,3,104,1,0
52,10,507269,14,260,1,1
28,68,535033,11,128,0,1
61,58,747940,13,258,0,1
29,52,1328029,3,291,0,0
20,34,304819,6,139,0,1
56,35,637803,7,14,0,1
31,33,469445,11,183,0,1
45,32,158724,12,15,0,1
28,55,364319,8,220,0,1
56,8,1150981,9,62,0,1
42,46,779644,7,240,0,1
38,14,1370640,13,278,0,1
27,8,553668,3,256,0,0
60,71,716084,1,184,0,0
32,54,471604,9,75,1,1
36,21,1230075,4,26,1,1
65,14,1494245,6,24,0,1
39,2,1080051,1,61,0,0
38,61,1298589,14,145,0,1
69,17,508995,3,232,1,0
61,48,380570,5,285,0,1
49,8,523399,7,83,1,1
67,56,1345962,9,174,0,1
40,17,106395,12,169,1,1
30,69,1379698,5,289,1,1
22,12,1415870,5,3,0,1
21,38,1226244,5,286,0,1
45,18,149572,3,49,1,0
31,26,798171,12,269,1,1
25,37,184028,2,7,0,0
26,70,1382626,0,68,1,0
68,41,154497,1,138,1,0
52,42,1250876,1,247,1,0
54,41,122466,9,28,0,1
38,47,415206,6,182,0,1
35,14,135394,10,212,0,1
50,1,553247,13,18,0,1
25,17,1341198,5,225,0,1
68,55,985226,14,229,1,1
66,53,1289135,7,95,0,1
34,31,1203660,8,114,0,1
60,62,262003,4,179,0,0
48,8,447435,10,77,0,1
51,30,179220,2,275,0,0
23,66,323356,3,181,0,0
39,45,1159942,13,94,1,1
31,18,744813,10,85,0,1
20,45,1311511,7,94,0,1
29,19,607426,2,144,0,0
53,68,989725,1,247,0,0
29,50,1212394,6,180,1,1
62,25,996757,13,292,0,1
19,38,1072627,3,18,0,0
19,36,1371709,12,137,0,1
32,68,857044,7,43,1,1
40,56,1321019,0,225,0,0
46,39,946757,7,36,1,1
34,63,271313,4,219,0,0
49,7,101676,11,127,0,1
24,58,206094,1,142,0,0
47,59,498498,0,182,1,0
45,48,650510,12,42,1,1
31,5,292375,5,209,0,1
61,36,899808,13,47,0,1
47,25,109431,8,219,0,0
34,45,919802,8,195,0,1
49,19,1107545,8,171,0,1
63,7,1042105,10,236,0,1
23,58,850151,3,174,0,0
68,66,1149643,5,31,0,1
41,39,727844,13,223,1,1
23,18,506688,11,53,1,1
44,1,810375,9,185,0,1
35,63,526363,5,233,0,0
41,3,1465374,4,230,0,1
54,21,1331982,1,109,0,1
41,30,1365315,6,99,0,1
55,11,814960,14,199,0,1
51,22,1366700,12,210,1,1
57,57,1359065,0,220,0,0
64,3,1255617,5,149,0,1
32,30,1350443,4,162,0,1
